BCAR	BCAR yeni yatırım planını duyurdu.
AVX	AVX hisseleri yükseldi.
KRDMA	KARDEM?R KARABUK DEM?R CEL?K SANAY? VE T?CARET A.?. bilançosunu açıkladı.
RMBS	Rambus, Inc. bugün yatırımcıların odağında.
ABUS	ABUS bugün yatırımcıların odağında.
APRE	APRE bilançosunu açıkladı.
NOVT	NOVT bilançosunu açıkladı.
CERT	CERT hisseleri yükseldi.
CTRM	CTRM bugün yatırımcıların odağında.
PFG	Principal Financial Group Inc yeni yatırım planını duyurdu.
AKSGY	AKSGY bugün yatırımcıların odağında.
KYIV	KYIV hisseleri yükseldi.
HROW	HROW hisseleri yükseldi.
OTTR	Otter Tail Corporation bugün yatırımcıların odağında.
LEGH	LEGH yeni yatırım planını duyurdu.
TKNO	Alpha Teknova, Inc. yeni yatırım planını duyurdu.
CNDT	Conduent Incorporated yeni yatırım planını duyurdu.
MBOT	MBOT bilançosunu açıkladı.
WTG	Wintergreen Acquisition Corp. yeni yatırım planını duyurdu.
SANG	Sangoma Technologies Corporation yeni yatırım planını duyurdu.
EHTH	eHealth, Inc. yeni yatırım planını duyurdu.
NCEW	New Century Logistics (BVI) Limited hisseleri yükseldi.
GIII	G-III Apparel Group, LTD. hisseleri yükseldi.
BMR	Beamr Imaging Ltd. yeni yatırım planını duyurdu.
FUFU	BitFuFu Inc. bugün yatırımcıların odağında.
NBN	NBN hisseleri yükseldi.
KUYAS	KUYA? YATIRIM A.?. hisseleri yükseldi.
TTKOM	TTKOM sabit internet tarafindaki ivmeyi koruyor
BLUW	BLUW bugün yatırımcıların odağında.
SNWV	SNWV hisseleri yükseldi.
MNRO	Monro, Inc. hisseleri yükseldi.
PMTR	Perimeter Acquisition Corp. I hisseleri yükseldi.
TENX	Tenax Therapeutics, Inc. bugün yatırımcıların odağında.
LCUT	LCUT bugün yatırımcıların odağında.
CSBR	Champions Oncology, Inc. yeni yatırım planını duyurdu.
GLBE	Global-E Online Ltd. yeni yatırım planını duyurdu.
SINT	SINT yeni yatırım planını duyurdu.
ESCOM	ESCOM bilançosunu açıkladı.
BLMN	Bloomin' Brands, Inc. yeni yatırım planını duyurdu.
FNKO	FNKO yeni yatırım planını duyurdu.
ELAB	ELAB yeni yatırım planını duyurdu.
EXFY	EXFY bugün yatırımcıların odağında.
AMLX	Amylyx Pharmaceuticals, Inc. hisseleri yükseldi.
BIIB	BIIB yeni yatırım planını duyurdu.
BMBL	Bumble Inc. bilançosunu açıkladı.
PCSC	Perceptive Capital Solutions Corp yeni yatırım planını duyurdu.
SOKM	SOKM yeni yatırım planını duyurdu.
RGLD	RGLD bugün yatırımcıların odağında.
SGMO	SGMO bilançosunu açıkladı.
ELDN	Eledon Pharmaceuticals, Inc. bugün yatırımcıların odağında.
KZBGY	KIZILBÜK GAYR?MENKUL YATIRIM ORTAKLI?I A.?. yeni yatırım planını duyurdu.
SVAC	SVAC hisseleri yükseldi.
APLS	APLS yeni yatırım planını duyurdu.
VFS	VFS bilançosunu açıkladı.
BL	BlackLine, Inc. bugün yatırımcıların odağında.
CVV	CVV bugün yatırımcıların odağında.
FBIZ	First Business Financial Services, Inc. yeni yatırım planını duyurdu.
SEPN	SEPN bugün yatırımcıların odağında.
MSGM	Motorsport Games Inc. hisseleri yükseldi.
MRLN	Merlin, Inc. hisseleri yükseldi.
SIRI	SiriusXM Holdings Inc. yeni yatırım planını duyurdu.
UBSI	United Bankshares, Inc. bilançosunu açıkladı.
IDEAS	IDEAS bugün yatırımcıların odağında.
BMHL	Bluemount Holdings Limited bugün yatırımcıların odağında.
ELPW	ELPW bugün yatırımcıların odağında.
EMPG	Empro Group Inc. bugün yatırımcıların odağında.
MDB	MDB hisseleri yükseldi.
MCHB	MCHB bilançosunu açıkladı.
GCMG	GCMG hisseleri yükseldi.
NBBK	NB Bancorp, Inc. bilançosunu açıkladı.
BBCQ	BBCQ bugün yatırımcıların odağında.
FSEA	FSEA bugün yatırımcıların odağında.
TSLA	Tesla bilançosunu açıkladı.
MPB	MPB bugün yatırımcıların odağında.
JXG	JXG hisseleri yükseldi.
ZYME	Zymeworks Inc. bugün yatırımcıların odağında.
TTAN	TTAN bilançosunu açıkladı.
POLA	Polar Power, Inc. yeni yatırım planını duyurdu.
SFWL	SFWL bilançosunu açıkladı.
MGROS	MGROS online kanal satislarindaki buyumeyle izleniyor
BGMS	Bio Green Med Solution, Inc. yeni yatırım planını duyurdu.
XLO	XLO hisseleri yükseldi.
HOWL	HOWL yeni yatırım planını duyurdu.
OLB	OLB hisseleri yükseldi.
ITIC	Investors Title Company hisseleri yükseldi.
MDBH	MDB Capital Holdings, LLC bugün yatırımcıların odağında.
SHIB	SHIB yatırımcı ilgisi gördü.
NHTC	Natural Health Trends Corp. bilançosunu açıkladı.
INTA	INTA bilançosunu açıkladı.
SCHL	Scholastic Corporation bugün yatırımcıların odağında.
EREGL	Eregli celik fiyatlarindaki toparlanmayi bilancosuna yansitmayi hedefliyor
API	Agora, Inc. bilançosunu açıkladı.
POLTK	POLTK bilançosunu açıkladı.
ARRY	ARRY yeni yatırım planını duyurdu.
WTFC	Wintrust Financial Corporation bilançosunu açıkladı.
RRBI	RRBI yeni yatırım planını duyurdu.
AFCG	AFCG bilançosunu açıkladı.
BJRI	BJRI bugün yatırımcıların odağında.
GSBC	Great Southern Bancorp, Inc. bugün yatırımcıların odağında.
WSBK	Winchester Bancorp, Inc. yeni yatırım planını duyurdu.
ATII	ATII yeni yatırım planını duyurdu.
KARSN	KARSAN OTOMOT?V SANAY?? VE T?CARET A.?. bugün yatırımcıların odağında.
FHB	First Hawaiian, Inc. bilançosunu açıkladı.
EXPE	EXPE yeni yatırım planını duyurdu.
VMAR	VMAR hisseleri yükseldi.
XMTR	XMTR yeni yatırım planını duyurdu.
ICUI	ICUI hisseleri yükseldi.
STI	STI bugün yatırımcıların odağında.
PPIH	Perma-Pipe International Holdings, Inc. bilançosunu açıkladı.
FLL	FLL hisseleri yükseldi.
RAIN	RAIN bugün yatırımcıların odağında.
SNAL	SNAL yeni yatırım planını duyurdu.
RXT	RXT bugün yatırımcıların odağında.
VICR	VICR hisseleri yükseldi.
MENS	Jyong Biotech Ltd. yeni yatırım planını duyurdu.
BKNG	BKNG hisseleri yükseldi.
MCGA	Yorkville Acquisition Corp. bilançosunu açıkladı.
NSYS	NSYS bilançosunu açıkladı.
TCBS	Texas Community Bancshares, Inc. hisseleri yükseldi.
FSBC	FSBC yeni yatırım planını duyurdu.
AEVA	Aeva Technologies, Inc. yeni yatırım planını duyurdu.
NCPL	Netcapital Inc. hisseleri yükseldi.
NIBAS	N??BA? N??DE BETON SANAY? VE T?CARET A.?. bugün yatırımcıların odağında.
AVHOL	AVHOL hisseleri yükseldi.
SOYBEAN	Soybean fiyatları geriledi.
WOK	WORK Medical Technology Group LTD hisseleri yükseldi.
YHNA	YHNA hisseleri yükseldi.
FROTO	FROTO elektrikli ticari arac uretim kapasitesini yukseltecek
KARTN	KARTONSAN KARTON SANAY? VE T?CARET A.?. hisseleri yükseldi.
PPHC	PPHC yeni yatırım planını duyurdu.
KARYE	KARTAL YEN?LENEB?L?R ENERJ? URET?M A.?. bugün yatırımcıların odağında.
KALV	KALV bilançosunu açıkladı.
VRME	VerifyMe, Inc. hisseleri yükseldi.
ABVE	ABVE bilançosunu açıkladı.
ADIL	ADIL bugün yatırımcıların odağında.
PWP	PWP yeni yatırım planını duyurdu.
TEZOL	TEZOL hisseleri yükseldi.
STRA	Strategic Education, Inc. yeni yatırım planını duyurdu.
GIFT	GIFT bilançosunu açıkladı.
NCSM	NCSM yeni yatırım planını duyurdu.
LOVE	LOVE yeni yatırım planını duyurdu.
TGHL	TGHL bugün yatırımcıların odağında.
PLPC	PLPC bilançosunu açıkladı.
DPZ	Domino's Pizza Inc yeni yatırım planını duyurdu.
LPCV	LPCV bilançosunu açıkladı.
ORGE	ORGE yeni yatırım planını duyurdu.
ALVO	Alvotech hisseleri yükseldi.
MAALT	MAALT bilançosunu açıkladı.
KALU	Kaiser Aluminum Corporation bugün yatırımcıların odağında.
BIMAS	BIM yeni magazalariyla organik buyume planini surduruyor
ALCO	Alico, Inc. bugün yatırımcıların odağında.
KDK	KDK hisseleri yükseldi.
PBM	Psyence Biomedical Ltd. yeni yatırım planını duyurdu.
EQPT	EquipmentShare.com Inc hisseleri yükseldi.
REAL	REAL hisseleri yükseldi.
AFRM	AFRM hisseleri yükseldi.
KRRO	Korro Bio, Inc. hisseleri yükseldi.
PROV	PROV hisseleri yükseldi.
CABR	CABR bilançosunu açıkladı.
ASELS	ASELSAN savunma elektroniigi projelerinde yeni surec baslatti
FORA	FORA bugün yatırımcıların odağında.
MAKTK	MAK?NA TAKIM ENDUSTR?S? A.?. hisseleri yükseldi.
HBNC	Horizon Bancorp, Inc. hisseleri yükseldi.
DEVS	DEVS hisseleri yükseldi.
GIPR	Generation Income Properties Inc. bilançosunu açıkladı.
MDAI	MDAI hisseleri yükseldi.
GTIM	GTIM bilançosunu açıkladı.
TRMD	TRMD bilançosunu açıkladı.
REFR	Research Frontiers Incorporated yeni yatırım planını duyurdu.
DCOY	Decoy Therapeutics Inc. bilançosunu açıkladı.
ELSE	ELSE bilançosunu açıkladı.
PPC	PPC hisseleri yükseldi.
TUCLK	TU?CEL?K ALUM?NYUM VE METAL MAMULLER? SANAY? VE T?CARET A.?. hisseleri yükseldi.
FMBH	FMBH yeni yatırım planını duyurdu.
CGCT	Cartesian Growth Corporation III yeni yatırım planını duyurdu.
GBPJPY	British Pound / Japanese Yen bugün yatırımcıların odağında.
BCPC	Balchem Corporation bugün yatırımcıların odağında.
LPAA	LPAA bugün yatırımcıların odağında.
ONDS	Ondas Inc bilançosunu açıkladı.
TRDA	Entrada Therapeutics, Inc. hisseleri yükseldi.
ANNX	ANNX bilançosunu açıkladı.
HALKB	Halk Bankasi hisseleri yükseldi.
ISCTR	İşbank yeşil finansman projelerine ayirdigi kaynagi buyuttu
PRTH	Priority Technology Holdings, Inc. hisseleri yükseldi.
ANHYT	ANHYT bugün yatırımcıların odağında.
JAZZ	Jazz Pharmaceuticals plc bilançosunu açıkladı.
PSNYW	Polestar Automotive Holding UK Limited bilançosunu açıkladı.
KMRK	K-Tech Solutions Company Limited bilançosunu açıkladı.
TURSG	TÜRK?YE S?GORTA A.?. bilançosunu açıkladı.
TER	TER yeni yatırım planını duyurdu.
ANTX	AN2 Therapeutics, Inc. bilançosunu açıkladı.
SBGI	Sinclair, Inc. bugün yatırımcıların odağında.
CECO	CECO hisseleri yükseldi.
KTTA	Pasithea Therapeutics Corp. bilançosunu açıkladı.
ELTX	Elicio Therapeutics, Inc. hisseleri yükseldi.
SHIP	SHIP bilançosunu açıkladı.
IPWR	IPWR hisseleri yükseldi.
SMTI	Sanara MedTech Inc. yeni yatırım planını duyurdu.
YHGJ	Yunhong Green CTI Ltd. bugün yatırımcıların odağında.
GLXY	Galaxy Digital Inc. bilançosunu açıkladı.
GTBP	GTBP bilançosunu açıkladı.
BYAH	BYAH yeni yatırım planını duyurdu.
OCS	Oculis Holding AG yeni yatırım planını duyurdu.
POET	POET hisseleri yükseldi.
BIRD	Allbirds, Inc. bilançosunu açıkladı.
MAPS	WM Technology, Inc. yeni yatırım planını duyurdu.
AMPH	Amphastar Pharmaceuticals, Inc. hisseleri yükseldi.
TCELL	Turkcell kurumsal servis gelirlerindeki buyumeyle dikkat cekti
SCNX	Scienture Holdings, Inc. hisseleri yükseldi.
PYXS	Pyxis Oncology, Inc. yeni yatırım planını duyurdu.
MTEN	Mingteng International Corporation Inc. hisseleri yükseldi.
TDTH	Trident Digital Tech Holdings Ltd yeni yatırım planını duyurdu.
USDJPY	USDJPY kuru yeni seviyeyi test etti.
CRAC	CRAC yeni yatırım planını duyurdu.
ISKPL	ISKPL yeni yatırım planını duyurdu.
F_ISCTR	Is Bankasi C Vadeli Islem Sozlesmesi bugün yatırımcıların odağında.
SLXN	Silexion Therapeutics Corp hisseleri yükseldi.
ECX	ECX bilançosunu açıkladı.
NTHI	NTHI bugün yatırımcıların odağında.
OKYO	OKYO Pharma Limited hisseleri yükseldi.
SCVL	Shoe Carnival, Inc. hisseleri yükseldi.
YKSLN	YÜKSELEN ÇEL?K A.?. hisseleri yükseldi.
UBXG	UBXG yeni yatırım planını duyurdu.
MLAC	MLAC bilançosunu açıkladı.
GSRF	GSRF yeni yatırım planını duyurdu.
EIKN	Eikon Therapeutics, Inc. hisseleri yükseldi.
OSPN	OneSpan Inc. bugün yatırımcıların odağında.
LKSP	Lake Superior Acquisition Corp. yeni yatırım planını duyurdu.
BSRR	BSRR bugün yatırımcıların odağında.
AHMA	Ambitions Enterprise Management Co. L.L.C hisseleri yükseldi.
TSEM	TSEM hisseleri yükseldi.
CRWS	Crown Crafts, Inc. hisseleri yükseldi.
APAC	StoneBridge Acquisition II Corporation bugün yatırımcıların odağında.
PLSE	Pulse Biosciences, Inc hisseleri yükseldi.
KRSTL	KR?STAL KOLA VE ME?RUBAT SANAY? T?CARET A.?. hisseleri yükseldi.
CIGI	Colliers International Group Inc. bilançosunu açıkladı.
CLMT	Calumet, Inc bilançosunu açıkladı.
PASW	PASW bugün yatırımcıların odağında.
SOFI	SoFi Technologies, Inc. yeni yatırım planını duyurdu.
PI	Impinj, Inc. hisseleri yükseldi.
IPOD	Dune Acquisition Corporation II hisseleri yükseldi.
ASRV	AmeriServ Financial Inc. hisseleri yükseldi.
HIFS	Hingham Institution for Savings bilançosunu açıkladı.
MNTK	MNTK yeni yatırım planını duyurdu.
DIBS	1stdibs.com, Inc. yeni yatırım planını duyurdu.
EKSUN	EKSUN hisseleri yükseldi.
ASST	ASST bilançosunu açıkladı.
CYCN	Cyclerion Therapeutics, Inc. yeni yatırım planını duyurdu.
LUKSK	LÜKS KAD?FE T?CARET VE SANAY?? A.?. hisseleri yükseldi.
TALK	TALK bugün yatırımcıların odağında.
DASH	DASH bugün yatırımcıların odağında.
QNCX	QNCX yeni yatırım planını duyurdu.
ALBRK	ALBARAKA TÜRK KATILIM BANKASI A.?. bilançosunu açıkladı.
SBC	SBC bugün yatırımcıların odağında.
ZG	ZG hisseleri yükseldi.
BALAT	BALATACILAR BALATACILIK SANAY? VE T?CARET A.?. yeni yatırım planını duyurdu.
HBT	HBT hisseleri yükseldi.
AEAQ	AEAQ bilançosunu açıkladı.
USDNOK	USD/NOK paritesinde oynaklık arttı.
CSPI	CSPI bilançosunu açıkladı.
NVDA	Nvidia Is Hovering Around $200. What Can ‘Move the Needle’ for the Stock.
EURK	EURK hisseleri yükseldi.
TEM	TEM hisseleri yükseldi.
FANG	Diamondback Energy, Inc. bugün yatırımcıların odağında.
KOZAA	KOZAA bugün yatırımcıların odağında.
CEPV	Cantor Equity Partners V, Inc. hisseleri yükseldi.
AKBNK	Akbank tahsilat performansindaki iyilesmeyle dikkat cekti
ZOOZ	ZOOZ Strategy Ltd. yeni yatırım planını duyurdu.
BCG	Binah Capital Group, Inc. bugün yatırımcıların odağında.
CTNT	CTNT hisseleri yükseldi.
DOBUR	DO?AN BURDA DERG? YAYINCILIK VE PAZARLAMA A.?. yeni yatırım planını duyurdu.
FDBC	FDBC bilançosunu açıkladı.
PALO	PALO hisseleri yükseldi.
BLIN	BLIN yeni yatırım planını duyurdu.
SENEA	Seneca Foods Corp. yeni yatırım planını duyurdu.
FHTX	FHTX bilançosunu açıkladı.
BLRK	Bluerock Acquisition Corp. hisseleri yükseldi.
MIRA	MIRA Pharmaceuticals, Inc. hisseleri yükseldi.
DXST	Decent Holding Inc. yeni yatırım planını duyurdu.
CTNM	CTNM hisseleri yükseldi.
DRVN	DRVN yeni yatırım planını duyurdu.
FRBA	FRBA bilançosunu açıkladı.
LYFT	Lyft, Inc. bilançosunu açıkladı.
VBNK	VersaBank bilançosunu açıkladı.
RYGYO	REYSA? GAYR?MENKUL YATIRIM ORTAKLI?I A.?. bugün yatırımcıların odağında.
MSGYO	M?STRAL GAYR?MENKUL YATIRIM ORTAKLI?I A.?. yeni yatırım planını duyurdu.
FORM	FORM yeni yatırım planını duyurdu.
TTWO	Take-Two Interactive Software, Inc. bugün yatırımcıların odağında.
ELVA	ELVA bilançosunu açıkladı.
CRML	Critical Metals Corp. yeni yatırım planını duyurdu.
MIPAZ	M?LPA T?CAR? VE SINA? ÜRÜNLER PAZARLAMA SANAY? VE T?CARET A.?. bugün yatırımcıların odağında.
XOS	XOS bilançosunu açıkladı.
KMDA	KMDA hisseleri yükseldi.
SWBI	SWBI hisseleri yükseldi.
BDMD	BDMD bilançosunu açıkladı.
AKSA	AKSA yeni yatırım planını duyurdu.
AGESA	AGESA bugün yatırımcıların odağında.
LIVE	Live Ventures Incorporated hisseleri yükseldi.
NUHCM	NUHCM bugün yatırımcıların odağında.
TURGG	TURKER PROJE GAYR?MENKUL VE YATIRIM GEL??T?RME A.?. bilançosunu açıkladı.
AVNW	Aviat Networks, Inc. bilançosunu açıkladı.
EBON	Ebang International Holdings Inc. bilançosunu açıkladı.
MEOH	Methanex Corporation yeni yatırım planını duyurdu.
EVLV	Evolv Technologies Holdings, Inc. bilançosunu açıkladı.
UROY	UROY bugün yatırımcıların odağında.
IVF	INVO Fertility, Inc. yeni yatırım planını duyurdu.
CLST	Catalyst Bancorp, Inc. bugün yatırımcıların odağında.
UFCS	United Fire Group, Inc bilançosunu açıkladı.
OMER	Omeros Corporation bugün yatırımcıların odağında.
HFFG	HF Foods Group Inc. bilançosunu açıkladı.
TRAXV	TRAXV bilançosunu açıkladı.
INBK	First Internet Bancorp bilançosunu açıkladı.
MERC	Mercer International Inc. bilançosunu açıkladı.
NEGG	NEGG bugün yatırımcıların odağında.
UNI	Uniswap bugün yatırımcıların odağında.
BBCP	Concrete Pumping Holdings, Inc. bilançosunu açıkladı.
KBON	KBON bilançosunu açıkladı.
XU030	BİST 30 endeksinde hacim arttı.
CRAI	CRAI bugün yatırımcıların odağında.
CSIQ	CSIQ hisseleri yükseldi.
Z	Zillow Group, Inc. hisseleri yükseldi.
FCFS	FirstCash Holdings, Inc. bilançosunu açıkladı.
NETAS	Netaş yurt ici ag altyapi projelerinde yeni ihaleleri takip ediyor
TUPRS	TUPRAS urun marjlarindaki dalgalanmaya ragmen izleniyor
BRYAT	BORUSAN YATIRIM VE PAZARLAMA A.?. yeni yatırım planını duyurdu.
KTCC	Key Tronic Corporation hisseleri yükseldi.
KGEI	KGEI bilançosunu açıkladı.
VHC	VirnetX Holding Corp bugün yatırımcıların odağında.
ISCTR	ISCTR mevduat tabanindaki gucunu koruyarak izleniyor
SPAI	SPAI bilançosunu açıkladı.
ISGYO	?? GAYR?MENKUL YATIRIM ORTAKLI?I A.?. bilançosunu açıkladı.
SNDL	SNDL Inc. hisseleri yükseldi.
JFB	JFB bilançosunu açıkladı.
IMVT	IMVT hisseleri yükseldi.
NATH	Nathan's Famous, Inc. bugün yatırımcıların odağında.
PNTG	The Pennant Group, Inc. bilançosunu açıkladı.
ENSC	ENSC hisseleri yükseldi.
JJSF	JJSF bugün yatırımcıların odağında.
APPS	Digital Turbine, Inc. hisseleri yükseldi.
SABS	SAB Biotherapeutics, Inc. bilançosunu açıkladı.
NTRP	NTRP yeni yatırım planını duyurdu.
NKTR	Nektar Therapeutics bugün yatırımcıların odağında.
MAT	MAT bilançosunu açıkladı.
SCLX	Scilex Holding Company hisseleri yükseldi.
EHLD	EHLD yeni yatırım planını duyurdu.
GEG	GEG yeni yatırım planını duyurdu.
FTAI	FTAI bugün yatırımcıların odağında.
CGNX	Cognex Corporation bilançosunu açıkladı.
BIOEN	B?OTREND ÇEVRE VE ENERJ? YATIRIMLARI A.?. bugün yatırımcıların odağında.
OSIS	OSI Systems, Inc. bugün yatırımcıların odağında.
ENTG	ENTG yeni yatırım planını duyurdu.
BFRG	Bullfrog AI Holdings, Inc. yeni yatırım planını duyurdu.
GILT	Gilat Satellite Networks Ltd. yeni yatırım planını duyurdu.
NXTS	NXTS bilançosunu açıkladı.
VTSI	VTSI yeni yatırım planını duyurdu.
TSLA	TSLA Hisse Fiyatı — Tesla Grafiği - TradingView
NHIC	NewHold Investment Corp III bilançosunu açıkladı.
FBLG	FibroBiologics, Inc. bilançosunu açıkladı.
EGEPO	EGEPO hisseleri yükseldi.
WFF	WF Holding Limited bugün yatırımcıların odağında.
MKZR	MKZR bilançosunu açıkladı.
INDES	?NDEKS B?LG?SAYAR S?STEMLER? MUHEND?SL?K SANAY? VE T?CARET A.?. yeni yatırım planını duyurdu.
GOKNR	GOKNUR GIDA MADDELER? ENERJ? ?MALAT ?THALAT ?HRACAT T?CARET VE SANAY? A.?. yeni yatırım planını duyurdu.
MYRG	MYRG hisseleri yükseldi.
BAND	BAND hisseleri yükseldi.
INVA	INVA yeni yatırım planını duyurdu.
SRTS	SRTS yeni yatırım planını duyurdu.
GEHC	GEHC bugün yatırımcıların odağında.
TVGN	TVGN yeni yatırım planını duyurdu.
ALCTL	ALCATEL LUCENT TELETA? TELEKOMÜN?KASYON A.?. yeni yatırım planını duyurdu.
F_BIMAS	BIM Magazalar Vadeli Islem Sozlesmesi tarafında volatilite yükseldi.
NESR	NESR hisseleri yükseldi.
LEDS	SemiLEDS Corporation bilançosunu açıkladı.
PLCE	Children's Place, Inc. (The) hisseleri yükseldi.
AIHS	AIHS hisseleri yükseldi.
TEAM	TEAM bilançosunu açıkladı.
TMDX	TMDX bugün yatırımcıların odağında.
AMD	​Wall Street Bullish on Advanced Micro Devices (AMD), Here’s What Analysts Have to Say
FBNC	First Bancorp hisseleri yükseldi.
TLSI	TLSI bugün yatırımcıların odağında.
ADSE	ADSE bilançosunu açıkladı.
KZR	KZR bugün yatırımcıların odağında.
PETS	PETS bugün yatırımcıların odağında.
EREGL	Erdemir hammadde maliyetlerindeki gevsemeyi bilancosuna yansitiyor
OMH	Ohmyhome Limited yeni yatırım planını duyurdu.
VERU	VERU yeni yatırım planını duyurdu.
OPXS	OPXS bilançosunu açıkladı.
PLRX	PLRX hisseleri yükseldi.
LGCL	Lucas GC Limited bilançosunu açıkladı.
ENJSA	ENJSA bilançosunu açıkladı.
CISS	C3is Inc. hisseleri yükseldi.
MYPS	PLAYSTUDIOS, Inc. hisseleri yükseldi.
KUST	KUST bilançosunu açıkladı.
RUBNS	RUBEN?S TEKST?L SANAY? T?CARET A.?. bilançosunu açıkladı.
VALU	VALU yeni yatırım planını duyurdu.
TRMB	Trimble Inc. yeni yatırım planını duyurdu.
CCAP	CCAP bilançosunu açıkladı.
HIHO	HIHO yeni yatırım planını duyurdu.
SITM	SiTime Corporation yeni yatırım planını duyurdu.
MAMA	Mama's Creations, Inc. hisseleri yükseldi.
BMM	Blue Moon Metals Inc. bilançosunu açıkladı.
ORMA	ORMA ORMAN MAHSULLER? ?NTEGRE SANAY? VE T?CARET A.?. hisseleri yükseldi.
LVLU	LVLU hisseleri yükseldi.
NWE	NorthWestern Energy Group, Inc. bilançosunu açıkladı.
MGN	MGN bugün yatırımcıların odağında.
UNIT	UNIT yeni yatırım planını duyurdu.
DLTR	Dollar Tree, Inc. bugün yatırımcıların odağında.
GENIL	GEN ?LAC VE SA?LIK URUNLER? SANAY? VE T?CARET A.?. bugün yatırımcıların odağında.
COLA	Columbus Acquisition Corp yeni yatırım planını duyurdu.
UPST	UPST hisseleri yükseldi.
HSPT	HSPT bugün yatırımcıların odağında.
AVAX	AVAX yatırımcı ilgisi gördü.
SPEG	SPEG bilançosunu açıkladı.
XRTX	XRTX bugün yatırımcıların odağında.
QETA	QETA hisseleri yükseldi.
ATON	ATON hisseleri yükseldi.
QTRX	Quanterix Corporation hisseleri yükseldi.
BNC	CEA Industries Inc. yeni yatırım planını duyurdu.
HAIN	HAIN bilançosunu açıkladı.
PECO	Phillips Edison & Company, Inc. bugün yatırımcıların odağında.
GDHG	Golden Heaven Group Holdings Ltd. bugün yatırımcıların odağında.
SMXT	SMXT bilançosunu açıkladı.
KCHOL	Koç Holding enerji ve otomotiv portfoyuyle izlendi
BYND	Beyond Meat, Inc. hisseleri yükseldi.
INHD	Inno Holdings Inc. yeni yatırım planını duyurdu.
MNST	MNST bugün yatırımcıların odağında.
IPEX	Inflection Point Acquisition Corp. bilançosunu açıkladı.
MXL	MaxLinear, Inc bilançosunu açıkladı.
IMCC	IMCC hisseleri yükseldi.
THCH	THCH hisseleri yükseldi.
USDTRY	Dolar kuru TCMB mesajlari sonrasinda sakin seyretti
GDTC	GDTC hisseleri yükseldi.
OESX	OESX yeni yatırım planını duyurdu.
GSHR	GSHR bugün yatırımcıların odağında.
COFS	ChoiceOne Financial Services, Inc. bilançosunu açıkladı.
FSBW	FSBW yeni yatırım planını duyurdu.
CORN	CORN fiyatları geriledi.
INMD	INMD bugün yatırımcıların odağında.
FTHM	Fathom Holdings Inc. yeni yatırım planını duyurdu.
NTIC	NTIC yeni yatırım planını duyurdu.
ADUR	Aduro Clean Technologies Inc. bugün yatırımcıların odağında.
INV	INV bilançosunu açıkladı.
AEYE	AudioEye, Inc. hisseleri yükseldi.
SEKFK	SEKFK bilançosunu açıkladı.
OMCL	Omnicell, Inc. yeni yatırım planını duyurdu.
CRWV	CoreWeave, Inc. bugün yatırımcıların odağında.
TITN	Titan Machinery Inc. yeni yatırım planını duyurdu.
XU100	Borsa İstanbul son durum 22 Nisan Çarşamba 2026: BIST 100 yorum - Finans haberlerinin doğru adresi - Mynet Finans Haber - Mynet Finans
PMCB	PharmaCyte Biotech, Inc. yeni yatırım planını duyurdu.
ADSK	Autodesk (ADSK) Strengthened from Its Transition to a Subscription-Based Cloud Platform
SNBR	Sleep Number Corporation yeni yatırım planını duyurdu.
ENVB	ENVB bugün yatırımcıların odağında.
SNYR	SNYR hisseleri yükseldi.
LEXX	LEXX hisseleri yükseldi.
GEMI	GEMI bilançosunu açıkladı.
IRHO	Iron Horse Acquisitions II Corp. hisseleri yükseldi.
SILVR	S?LVERL?NE ENDÜSTR? VE T?CARET A.?. yeni yatırım planını duyurdu.
IHAAS	IHAAS yeni yatırım planını duyurdu.
NSSC	NAPCO Security Technologies, Inc. bugün yatırımcıların odağında.
PPSI	PPSI yeni yatırım planını duyurdu.
LOCO	LOCO bilançosunu açıkladı.
ATAKP	ATAKP bugün yatırımcıların odağında.
PLATINUM	Platinum fiyatları geriledi.
MACI	MACI bugün yatırımcıların odağında.
VHUB	VHUB yeni yatırım planını duyurdu.
GDYN	GDYN bugün yatırımcıların odağında.
DAKT	Daktronics, Inc. bilançosunu açıkladı.
PROP	PROP hisseleri yükseldi.
MTSI	MTSI bugün yatırımcıların odağında.
FIGR	FIGR bilançosunu açıkladı.
NATGAS	Natural Gas fiyatları yükselişe geçti.
ANGEN	ANGEN yeni yatırım planını duyurdu.
AFBI	Affinity Bancshares, Inc. yeni yatırım planını duyurdu.
F_SISE	Sise Cam Vadeli Islem Sozlesmesi kontratlarında pozisyonlar arttı.
MGX	Metagenomi Therapeutics, Inc. bilançosunu açıkladı.
INOD	INOD yeni yatırım planını duyurdu.
SEED	SEED yeni yatırım planını duyurdu.
CRSP	CRSP bilançosunu açıkladı.
NBIX	Neurocrine Biosciences, Inc. hisseleri yükseldi.
SXTC	China SXT Pharmaceuticals, Inc. bugün yatırımcıların odağında.
MPAA	MPAA yeni yatırım planını duyurdu.
OTLK	OTLK bilançosunu açıkladı.
SSNC	SS&C Technologies Holdings, Inc. hisseleri yükseldi.
HOUR	HOUR hisseleri yükseldi.
QCRH	QCR Holdings, Inc. bugün yatırımcıların odağında.
UPXI	Upexi, Inc. bilançosunu açıkladı.
TR02Y	Turkey 2 Year Bond bugün yatırımcıların odağında.
VCYT	VCYT yeni yatırım planını duyurdu.
UFG	UFG yeni yatırım planını duyurdu.
DGNX	DGNX bilançosunu açıkladı.
KITT	KITT hisseleri yükseldi.
KLAC	KLAC bugün yatırımcıların odağında.
RGTI	Rigetti Computing, Inc. yeni yatırım planını duyurdu.
IGAC	IGAC bugün yatırımcıların odağında.
CRVL	CRVL bilançosunu açıkladı.
GARAN	GARAN net faiz marjindaki toparlanmayla one cikti
PAGP	PAGP bilançosunu açıkladı.
EKGYO	EKGYO yeni etap satislarindan gelen nakit akisiyla destek buldu
EYE	EYE bugün yatırımcıların odağında.
BLNK	Blink Charging Co. yeni yatırım planını duyurdu.
PRAA	PRA Group, Inc. yeni yatırım planını duyurdu.
ANABV	ANABV yeni yatırım planını duyurdu.
AUDUSD	AUD/USD kuru yeni seviyeyi test etti.
VTIX	Virtuix Holdings Inc. bugün yatırımcıların odağında.
NWFL	Norwood Financial Corp. bilançosunu açıkladı.
SGC	Superior Group of Companies, Inc. yeni yatırım planını duyurdu.
ISATR	TURK?YE ?? BANKASI A.?. bugün yatırımcıların odağında.
RJET	RJET bugün yatırımcıların odağında.
TAVHL	TAV HAVAL?MANLARI HOLD?NG A.?. yeni yatırım planını duyurdu.
WFRD	Weatherford International plc yeni yatırım planını duyurdu.
ARSAN	ARSAN yeni yatırım planını duyurdu.
ENJSA	Enerjisa dagitim tarafindaki yatirim harcamalarini optimize ediyor
ISSC	Innovative Solutions and Support, Inc. hisseleri yükseldi.
NPCE	Neuropace, Inc. bugün yatırımcıların odağında.
BYRN	BYRN bilançosunu açıkladı.
MOB	Mobilicom Limited yeni yatırım planını duyurdu.
VEEE	Twin Vee PowerCats Co. hisseleri yükseldi.
AIXC	AIXC bugün yatırımcıların odağında.
KDP	KDP bilançosunu açıkladı.
HYFT	HYFT bilançosunu açıkladı.
IHLGM	IHLGM hisseleri yükseldi.
MASK	MASK bugün yatırımcıların odağında.
MSEX	MSEX bilançosunu açıkladı.
REGN	Regeneron Pharmaceuticals, Inc. bilançosunu açıkladı.
HBNB	Hotel101 Global Holdings Corp. hisseleri yükseldi.
MGROS	Migros depo otomasyonu yatirimlarini surduruyor
SAIH	SAIH bugün yatırımcıların odağında.
DBCA	D. Boral Acquisition I Corp. hisseleri yükseldi.
VIAV	Viavi Solutions Inc. hisseleri yükseldi.
OABI	OmniAb, Inc. bugün yatırımcıların odağında.
PGEN	PGEN bilançosunu açıkladı.
SANFM	SAN?FOAM ENDÜSTR? VE TÜKET?M ÜRÜNLER? SANAY? T?CARET A.?. bugün yatırımcıların odağında.
WDFC	WDFC bugün yatırımcıların odağında.
LE	LE hisseleri yükseldi.
MDXG	MiMedx Group, Inc hisseleri yükseldi.
LNZA	LanzaTech Global, Inc. bilançosunu açıkladı.
HLXC	HLXC bilançosunu açıkladı.
NCRA	Nocera, Inc. bugün yatırımcıların odağında.
TNGX	Tango Therapeutics, Inc. bugün yatırımcıların odağında.
CAAS	China Automotive Systems, Inc. bilançosunu açıkladı.
DKI	DKI bugün yatırımcıların odağında.
MTVA	MetaVia Inc. hisseleri yükseldi.
SSYS	SSYS yeni yatırım planını duyurdu.
CLAR	Clarus Corporation yeni yatırım planını duyurdu.
KGYO	KGYO hisseleri yükseldi.
KPRX	KPRX bilançosunu açıkladı.
MDLN	Medline Inc. hisseleri yükseldi.
ANSGR	ANSGR bugün yatırımcıların odağında.
ISPR	Ispire Technology Inc. bilançosunu açıkladı.
FAMI	Farmmi, Inc. yeni yatırım planını duyurdu.
PICS	PicS N.V. yeni yatırım planını duyurdu.
ADEL	ADEL KALEMC?L?K T?CARET VE SANAY? A.?. hisseleri yükseldi.
CDRO	CDRO bugün yatırımcıların odağında.
POOL	Pool Corporation yeni yatırım planını duyurdu.
RIBB	Ribbon Acquisition Corp hisseleri yükseldi.
CMCO	Columbus McKinnon Corporation bilançosunu açıkladı.
VANI	Vivani Medical, Inc. hisseleri yükseldi.
MCBS	MCBS bilançosunu açıkladı.
ADP	Automatic Data Processing, Inc. bugün yatırımcıların odağında.
QNST	QuinStreet, Inc. hisseleri yükseldi.
LFCR	LFCR hisseleri yükseldi.
DMRA	DMRA bugün yatırımcıların odağında.
STAA	STAAR Surgical Company hisseleri yükseldi.
BRBI	BRBI BR Partners S.A. bugün yatırımcıların odağında.
CCCC	CCCC yeni yatırım planını duyurdu.
LAB	LAB bugün yatırımcıların odağında.
PHIO	Phio Pharmaceuticals Corp. bugün yatırımcıların odağında.
EOSE	Eos Energy Enterprises, Inc. bilançosunu açıkladı.
EKSO	Ekso Bionics Holdings, Inc. bugün yatırımcıların odağında.
YGGYO	YEN? G?MAT GAYR?MENKUL YATIRIM ORTAKLI?I A.?. bilançosunu açıkladı.
RBNE	RBNE bugün yatırımcıların odağında.
NXPL	NextPlat Corp hisseleri yükseldi.
TUREX	TUREKS TUR?ZM TA?IMACILIK A.?. bugün yatırımcıların odağında.
MRNO	Murano Global Investments PLC yeni yatırım planını duyurdu.
EMIS	Emmis Acquisition Corp. hisseleri yükseldi.
ZION	ZION yeni yatırım planını duyurdu.
CRBU	CRBU bugün yatırımcıların odağında.
SCYX	SCYX hisseleri yükseldi.
NNE	Nano Nuclear Energy Inc. hisseleri yükseldi.
OLLI	OLLI bugün yatırımcıların odağında.
PMN	PMN hisseleri yükseldi.
RYTM	Rhythm Pharmaceuticals, Inc. bilançosunu açıkladı.
AMAT	AMAT bilançosunu açıkladı.
SAHOL	Sabanci Holding bankacilik disi varliklarin katkisini artirmayi planliyor
ALARK	ALARK bugün yatırımcıların odağında.
VWAV	VisionWave Holdings, Inc. yeni yatırım planını duyurdu.
RCAT	Red Cat Holdings, Inc. bugün yatırımcıların odağında.
GMM	GMM bugün yatırımcıların odağında.
PBFS	PBFS hisseleri yükseldi.
KLRHO	KLRHO bugün yatırımcıların odağında.
BOXL	Boxlight Corporation bilançosunu açıkladı.
NEOV	NEOV bilançosunu açıkladı.
ALGT	Allegiant Travel Company hisseleri yükseldi.
MIATK	M?A TEKNOLOJ? A.?. bugün yatırımcıların odağında.
YKBNK	YAPI VE KRED? BANKASI A.?. yeni yatırım planını duyurdu.
GWIND	GALATA WIND ENERJ? A.?. yeni yatırım planını duyurdu.
FORTE	FORTE bilançosunu açıkladı.
IHYAY	?HLAS YAYIN HOLD?NG A.?. hisseleri yükseldi.
SHFS	SHFS hisseleri yükseldi.
MESH	MESH hisseleri yükseldi.
CEPF	Cantor Equity Partners IV, Inc. bilançosunu açıkladı.
F_KCHOL	F_KCHOL tarafında volatilite yükseldi.
NTSK	NTSK hisseleri yükseldi.
ALOT	ALOT yeni yatırım planını duyurdu.
RMR	RMR bugün yatırımcıların odağında.
ADUS	ADUS bilançosunu açıkladı.
KLRA	KLRA hisseleri yükseldi.
SPRY	ARS Pharmaceuticals, Inc. hisseleri yükseldi.
HBIO	Harvard Bioscience, Inc. bugün yatırımcıların odağında.
ANIX	Anixa Biosciences, Inc. hisseleri yükseldi.
PKART	PLAST?KKART AKILLI KART ?LET???M S?STEMLER? SANAY? VE T?CARET A.?. yeni yatırım planını duyurdu.
VCEL	VCEL bilançosunu açıkladı.
SSBI	SSBI yeni yatırım planını duyurdu.
UMBF	UMBF bugün yatırımcıların odağında.
AYTU	AYTU hisseleri yükseldi.
MTRKS	MTRKS bugün yatırımcıların odağında.
RDVT	RDVT bugün yatırımcıların odağında.
HAO	HAO hisseleri yükseldi.
PEBK	PEBK hisseleri yükseldi.
LTRN	Lantern Pharma Inc. bilançosunu açıkladı.
THYAO	THY yeni ucak finansmani icin uluslararasi bankalarla masada
VRNS	VRNS hisseleri yükseldi.
EURTRY	EUR/TRY bugün yatırımcıların odağında.
MTRX	Matrix Service Company yeni yatırım planını duyurdu.
CYCU	CYCU bugün yatırımcıların odağında.
DIOD	DIOD bilançosunu açıkladı.
HLNE	Hamilton Lane Incorporated hisseleri yükseldi.
BAKAB	BAKAB hisseleri yükseldi.
VAKBN	Vakıfbank bireysel bankacilik urunlerindeki capraz satisla izlendi
DGNMO	DGNMO hisseleri yükseldi.
SIEB	SIEB hisseleri yükseldi.
WERN	WERN yeni yatırım planını duyurdu.
SAIA	Saia, Inc. yeni yatırım planını duyurdu.
AIRO	AIRO Group Holdings, Inc. hisseleri yükseldi.
DGATE	DATAGATE B?LG?SAYAR MALZEMELER? T?CARET A.?. hisseleri yükseldi.
BPRN	BPRN bugün yatırımcıların odağında.
FCEL	FuelCell Energy, Inc. yeni yatırım planını duyurdu.
ULAS	ULAS bilançosunu açıkladı.
LFMD	LifeMD, Inc. bugün yatırımcıların odağında.
BMEA	BMEA bilançosunu açıkladı.
UFUK	UFUK YATIRIM YÖNET?M VE GAYR?MENKUL A.?. hisseleri yükseldi.
NUGYO	NUGYO hisseleri yükseldi.
EEFT	EEFT bugün yatırımcıların odağında.
ROC	Rank One Computing Corporation bilançosunu açıkladı.
ASTS	AST SpaceMobile, Inc. hisseleri yükseldi.
SNCY	Sun Country Airlines Holdings, Inc. hisseleri yükseldi.
AEHR	Aehr Test Systems yöneticisi Scott Gates 5,66 milyon dolarlık hisse sattı - Investing.com Türkiye
LIEN	LIEN yeni yatırım planını duyurdu.
MGTX	MGTX yeni yatırım planını duyurdu.
RENX	RenX Enterprises Corp. yeni yatırım planını duyurdu.
HDFGS	HDFGS bilançosunu açıkladı.
MTEX	Mannatech, Incorporated bugün yatırımcıların odağında.
FORMT	FORMT bilançosunu açıkladı.
AUUD	AUUD bugün yatırımcıların odağında.
OCUL	OCUL yeni yatırım planını duyurdu.
SLAB	Silicon Laboratories, Inc. hisseleri yükseldi.
FITB	FITB hisseleri yükseldi.
LCFY	Locafy Limited bilançosunu açıkladı.
LSH	Lakeside Holding Limited bugün yatırımcıların odağında.
EKGYO	Emlak Konut yeni yatırım planını duyurdu.
EDIP	EDIP yeni yatırım planını duyurdu.
ELBM	Electra Battery Materials Corporation hisseleri yükseldi.
DFTX	Definium Therapeutics, Inc. yeni yatırım planını duyurdu.
SUGAR	Sugar fiyatları yükselişe geçti.
BGM	BGM yeni yatırım planını duyurdu.
PCAP	PCAP yeni yatırım planını duyurdu.
SGRP	SGRP hisseleri yükseldi.
ZD	ZD bilançosunu açıkladı.
NNF	Hedef Portfoy Birinci Hisse Senedi Fonu bugün yatırımcıların odağında.
RBB	RBB Bancorp bugün yatırımcıların odağında.
CBAT	CBAT yeni yatırım planını duyurdu.
AIMD	AIMD bilançosunu açıkladı.
HRTX	HRTX bugün yatırımcıların odağında.
XPON	Expion360 Inc. bugün yatırımcıların odağında.
IHRT	IHRT hisseleri yükseldi.
NEON	Neonode Inc. bilançosunu açıkladı.
TCMD	Tactile Systems Technology, Inc. bilançosunu açıkladı.
BDCI	BTC Development Corp. bugün yatırımcıların odağında.
UZERB	UZERB yeni yatırım planını duyurdu.
FROG	JFrog Ltd. bilançosunu açıkladı.
TCELL	TCELL faturalı abone bazindaki buyumeyle dikkat cekiyor
BELFB	Bel Fuse Inc. bugün yatırımcıların odağında.
ALGYO	ALGYO bilançosunu açıkladı.
OTKAR	OTKAR bugün yatırımcıların odağında.
ALGN	ALGN bilançosunu açıkladı.
MAGEN	MARGÜN ENERJ? ÜRET?M SANAY? VE T?CARET A.?. bilançosunu açıkladı.
ABOS	Acumen Pharmaceuticals, Inc. hisseleri yükseldi.
HFWA	Heritage Financial Corporation yeni yatırım planını duyurdu.
HACQ	HCM IV Acquisition Corp. hisseleri yükseldi.
SNFCA	SNFCA yeni yatırım planını duyurdu.
JANX	Janux Therapeutics, Inc. bugün yatırımcıların odağında.
BOTJ	Bank of the James Financial Group, Inc. hisseleri yükseldi.
AGMH	AGM Group Holdings Inc. bugün yatırımcıların odağında.
ANY	Sphere 3D Corp. yeni yatırım planını duyurdu.
MKLY	McKinley Acquisition Corporation bugün yatırımcıların odağında.
THYAO	THYAO yolcu gelirlerindeki toparlanmayla pozitif ayrisiyor
BAOS	BAOS bugün yatırımcıların odağında.
INMB	INmune Bio Inc. yeni yatırım planını duyurdu.
ATPC	Agape ATP Corporation bilançosunu açıkladı.
TOYO	TOYO Co., Ltd bugün yatırımcıların odağında.
PSNL	Personalis, Inc. yeni yatırım planını duyurdu.
ATLN	ATLN yeni yatırım planını duyurdu.
VHCP	VHCP yeni yatırım planını duyurdu.
MANAS	MANAS ENERJ? YONET?M? SANAY? VE T?CARET A.?. bilançosunu açıkladı.
UEIC	UEIC yeni yatırım planını duyurdu.
FFIC	FFIC bilançosunu açıkladı.
CGNT	Cognyte Software Ltd. bilançosunu açıkladı.
BFREN	BFREN hisseleri yükseldi.
CART	CART bilançosunu açıkladı.
SAHOL	Sabanci Holding yeni donemde operasyonel verimlilige odaklaniyor
BBNX	BBNX hisseleri yükseldi.
KNSA	Kiniksa Pharmaceuticals International, plc yeni yatırım planını duyurdu.
XLM	Stellar sert yükseldi.
UK100	UK100 bugün yatırımcıların odağında.
FISV	Fiserv, Inc. yeni yatırım planını duyurdu.
AMBA	Ambarella, Inc. hisseleri yükseldi.
ERIE	ERIE bilançosunu açıkladı.
RNAC	RNAC hisseleri yükseldi.
MDRR	Medalist Diversified, Inc. hisseleri yükseldi.
ASBP	Aspire Biopharma Holdings, Inc. bilançosunu açıkladı.
AIRJ	AIRJ hisseleri yükseldi.
AKGRT	AKGRT hisseleri yükseldi.
MBWM	Mercantile Bank Corporation bugün yatırımcıların odağında.
DESA	DESA DER? SANAY? VE T?CARET A.?. bugün yatırımcıların odağında.
PRLD	Prelude Therapeutics Incorporated bilançosunu açıkladı.
EXE	EXE bugün yatırımcıların odağında.
GZNMI	GZNMI yeni yatırım planını duyurdu.
NAGE	NAGE bilançosunu açıkladı.
SELVA	SELVA bugün yatırımcıların odağında.
SLSN	SLSN yeni yatırım planını duyurdu.
LZ	LegalZoom.com, Inc. hisseleri yükseldi.
VSTM	VSTM yeni yatırım planını duyurdu.
FAST	Fastenal Company bilançosunu açıkladı.
HURN	Huron Consulting Group Inc. bugün yatırımcıların odağında.
WMG	Warner Music Group Corp. yeni yatırım planını duyurdu.
COLB	Columbia Banking System, Inc. bugün yatırımcıların odağında.
TETMT	TETAMAT GIDA YATIRIMLARI A.?. yeni yatırım planını duyurdu.
EDRY	EuroDry Ltd. bugün yatırımcıların odağında.
SORN	Soren Acquisition Corp. bilançosunu açıkladı.
ASELS	Aselsan elektro optik sistemlerde yeni ihracat firsati yakaladi
USDCHF	USD/CHF bugün yatırımcıların odağında.
CXAI	CXAI yeni yatırım planını duyurdu.
ZYBT	Zhengye Biotechnology Holding Limited bilançosunu açıkladı.
BRLS	BRLS bugün yatırımcıların odağında.
INNV	InnovAge Holding Corp. yeni yatırım planını duyurdu.
AKBNK	AKBNK fonlama maliyetlerindeki gerilemeyi marjlara yansitiyor
PENTA	PENTA TEKNOLOJ? URUNLER? DA?ITIM T?CARET A.?. yeni yatırım planını duyurdu.
PURR	PURR yeni yatırım planını duyurdu.
NOMA	NOMA bilançosunu açıkladı.
ALCAR	ALCAR bugün yatırımcıların odağında.
GSDDE	GSD DEN?ZC?L?K GAYR?MENKUL ?N?AAT SANAY? VE T?CARET A.?. yeni yatırım planını duyurdu.
RMIX	Suncrete, Inc. bugün yatırımcıların odağında.
TRNS	TRNS yeni yatırım planını duyurdu.
ESTA	ESTA bugün yatırımcıların odağında.
APAD	A Paradise Acquisition Corp. hisseleri yükseldi.
DSY	Big Tree Cloud Holdings Limited yeni yatırım planını duyurdu.
RGNX	RGNX hisseleri yükseldi.
YAAS	Youxin Technology Ltd bugün yatırımcıların odağında.
REKR	REKR hisseleri yükseldi.
DRDB	Roman DBDR Acquisition Corp. II bugün yatırımcıların odağında.
WILC	G. Willi-Food International, Ltd. yeni yatırım planını duyurdu.
ALKA	ALK?M KA?IT SANAY? VE T?CARET A.?. bugün yatırımcıların odağında.
MEHA	MEHA bugün yatırımcıların odağında.
CORZ	Core Scientific, Inc. yeni yatırım planını duyurdu.
TSKB	TURK?YE SINA? KALKINMA BANKASI A.?. hisseleri yükseldi.
CHAI	Core AI Holdings, Inc. bilançosunu açıkladı.
EWBC	East West Bancorp, Inc. hisseleri yükseldi.
DEFT	Defi Technologies, Inc. yeni yatırım planını duyurdu.
OCG	Oriental Culture Holding LTD hisseleri yükseldi.
ONMD	OneMedNet Corp bugün yatırımcıların odağında.
SMX	SMX (Security Matters) Public Limited Company yeni yatırım planını duyurdu.
PRKAB	TURK PRYSM?AN KABLO VE S?STEMLER? A.?. bugün yatırımcıların odağında.
DCX	Digital Currency X Technology Inc. yeni yatırım planını duyurdu.
EBC	EBC hisseleri yükseldi.
SUPN	Supernus Pharmaceuticals, Inc. bilançosunu açıkladı.
SPFI	SPFI bilançosunu açıkladı.
SAMAT	SAMAT bugün yatırımcıların odağında.
ECBK	ECB Bancorp, Inc. bilançosunu açıkladı.
CDXS	Codexis, Inc. yeni yatırım planını duyurdu.
XAIR	XAIR hisseleri yükseldi.
NEWT	NEWT bilançosunu açıkladı.
GOSS	GOSS hisseleri yükseldi.
TMCR	TMCR bugün yatırımcıların odağında.
MDXH	MDXH bugün yatırımcıların odağında.
AEP	American Electric Power Company, Inc. yeni yatırım planını duyurdu.
CFFN	Capitol Federal Financial, Inc. bilançosunu açıkladı.
HTTBT	HTTBT yeni yatırım planını duyurdu.
LBTYA	Liberty Global Ltd. hisseleri yükseldi.
CNET	CNET bilançosunu açıkladı.
TW	Tradeweb Markets Inc. yeni yatırım planını duyurdu.
HGBL	Heritage Global Inc. yeni yatırım planını duyurdu.
GRRR	Gorilla Technology Group Inc. yeni yatırım planını duyurdu.
GRTRK	GRAINTURK TARIM A.?. hisseleri yükseldi.
TARS	TARS hisseleri yükseldi.
AIFF	AIFF hisseleri yükseldi.
RZLT	RZLT bilançosunu açıkladı.
CWENE	CWENE bugün yatırımcıların odağında.
RGS	RGS bilançosunu açıkladı.
MAR	MAR yeni yatırım planını duyurdu.
F_XAGUSD	F_XAGUSD bugün yatırımcıların odağında.
SWAG	SWAG bilançosunu açıkladı.
BEAG	BEAG bilançosunu açıkladı.
RBCAA	Republic Bancorp, Inc. bugün yatırımcıların odağında.
ORBS	Eightco Holdings Inc. yeni yatırım planını duyurdu.
INEO	INNEOVA Holdings Limited bugün yatırımcıların odağında.
INM	INM bugün yatırımcıların odağında.
TWST	Twist Bioscience Corporation bilançosunu açıkladı.
NAII	Natural Alternatives International, Inc. bilançosunu açıkladı.
IPW	iPower Inc. bugün yatırımcıların odağında.
STRO	STRO yeni yatırım planını duyurdu.
CHKP	CHKP hisseleri yükseldi.
TCELL	Turkcell veri merkezi kapasitesini buyutuyor
JBSS	John B. Sanfilippo & Son, Inc. bilançosunu açıkladı.
FUSB	First US Bancshares, Inc. bugün yatırımcıların odağında.
HYMC	Hycroft Mining Holding Corporation bugün yatırımcıların odağında.
WLFC	WLFC bugün yatırımcıların odağında.
GALT	Galectin Therapeutics Inc. hisseleri yükseldi.
USDCAD	USD/CAD bugün yatırımcıların odağında.
MGRC	McGrath RentCorp hisseleri yükseldi.
FLGT	FLGT bilançosunu açıkladı.
WNW	Meiwu Technology Company Limited yeni yatırım planını duyurdu.
FADE	FADE yeni yatırım planını duyurdu.
BGL	BGL yeni yatırım planını duyurdu.
RZLV	Rezolve AI PLC bilançosunu açıkladı.
VSEE	VSEE hisseleri yükseldi.
STKS	The ONE Group Hospitality, Inc. yeni yatırım planını duyurdu.
AMGN	AMGN yeni yatırım planını duyurdu.
CCHH	CCHH hisseleri yükseldi.
RETO	RETO hisseleri yükseldi.
BOSSA	BOSSA bugün yatırımcıların odağında.
BRZE	BRZE yeni yatırım planını duyurdu.
SEGG	SEGG yeni yatırım planını duyurdu.
SENEB	SENEB bugün yatırımcıların odağında.
NDX	NDX endeksinde hacim arttı.
BTOC	BTOC yeni yatırım planını duyurdu.
GYRE	GYRE bugün yatırımcıların odağında.
SANKO	SANKO yeni yatırım planını duyurdu.
ROKU	ROKU yeni yatırım planını duyurdu.
ATOS	Atossa Therapeutics, Inc. hisseleri yükseldi.
FONR	FONR bugün yatırımcıların odağında.
PLTUR	PLATFORM TUR?ZM TA?IMACILIK GIDA ?N?AAT TEM?ZL?K H?ZMETLER? SANAY? VE T?CARET A.?. hisseleri yükseldi.
DJI	DJI bugün yatırımcıların odağında.
VTRS	Viatris Inc. bilançosunu açıkladı.
COKE	Coca-Cola Consolidated, Inc. bilançosunu açıkladı.
TIVC	Tivic Health Systems, Inc. hisseleri yükseldi.
WLTH	Wealthfront Corporation bugün yatırımcıların odağında.
AFJK	Aimei Health Technology Co., Ltd hisseleri yükseldi.
JRSH	JRSH bugün yatırımcıların odağında.
HTO	HTO hisseleri yükseldi.
ANIK	ANIK bilançosunu açıkladı.
MAXN	MAXN bilançosunu açıkladı.
VMET	VMET yeni yatırım planını duyurdu.
AKTS	Aktis Oncology, Inc. hisseleri yükseldi.
FUSE	FUSE yeni yatırım planını duyurdu.
MYSE	MYSE hisseleri yükseldi.
RNW	RNW yeni yatırım planını duyurdu.
GSIT	GSIT yeni yatırım planını duyurdu.
LNSR	LENSAR, Inc. bilançosunu açıkladı.
SKK	SKK yeni yatırım planını duyurdu.
SWKS	Skyworks Solutions, Inc. hisseleri yükseldi.
SBAC	SBAC yeni yatırım planını duyurdu.
IT10Y	IT10Y faizi yukarı yönlü hareket etti.
BPAC	BPAC bugün yatırımcıların odağında.
SNOA	SNOA yeni yatırım planını duyurdu.
RAVE	Rave Restaurant Group, Inc. hisseleri yükseldi.
FRMM	Forum Markets, Incorporated hisseleri yükseldi.
PTEN	PTEN bugün yatırımcıların odağında.
PSIX	PSIX bugün yatırımcıların odağında.
HSDT	HSDT hisseleri yükseldi.
KFEIN	KAFE?N YAZILIM H?ZMETLER? T?CARET A.?. bilançosunu açıkladı.
ARTL	Artelo Biosciences, Inc. bugün yatırımcıların odağında.
FLY	FLY bilançosunu açıkladı.
BRR	BRR bugün yatırımcıların odağında.
KEEL	KEEL bugün yatırımcıların odağında.
MRKR	Marker Therapeutics, Inc. hisseleri yükseldi.
NIVF	NIVF bugün yatırımcıların odağında.
NVX	NVX bilançosunu açıkladı.
ARTC	Art Technology Acquisition Corp. hisseleri yükseldi.
VKGYO	VKGYO bilançosunu açıkladı.
BBGI	BBGI hisseleri yükseldi.
GIGM	GIGM bilançosunu açıkladı.
PHAR	PHAR bilançosunu açıkladı.
PESI	PESI bilançosunu açıkladı.
MLCI	MLCI bugün yatırımcıların odağında.
MCHX	MCHX hisseleri yükseldi.
SSEA	SSEA bugün yatırımcıların odağında.
ABAT	American Battery Technology Company bugün yatırımcıların odağında.
QCOM	QUALCOMM Incorporated yeni yatırım planını duyurdu.
ZKIN	ZK International Group Co., Ltd bugün yatırımcıların odağında.
YMAT	YMAT yeni yatırım planını duyurdu.
VKFYO	VAKIF MENKUL KIYMET YATIRIM ORTAKLI?I A.?. bilançosunu açıkladı.
OTEX	Open Text Corporation bilançosunu açıkladı.
ISFIN	?? F?NANSAL K?RALAMA A.?. yeni yatırım planını duyurdu.
SISE	Şişecam enerji maliyetlerindeki normallesmeyle marjlarini destekliyor
PDFS	PDFS bilançosunu açıkladı.
OSRH	OSR Holdings, Inc. hisseleri yükseldi.
AREC	AREC hisseleri yükseldi.
IMUX	Immunic, Inc. yeni yatırım planını duyurdu.
KCHV	KCHV bilançosunu açıkladı.
ULUUN	ULUSOY UN SANAY? VE T?CARET A.?. bugün yatırımcıların odağında.
NBRG	NBRG bugün yatırımcıların odağında.
CBK	CBK bugün yatırımcıların odağında.
PHOE	Phoenix Asia Holdings Limited hisseleri yükseldi.
LFUS	Littelfuse, Inc. bilançosunu açıkladı.
ESQ	ESQ yeni yatırım planını duyurdu.
BODI	BODI yeni yatırım planını duyurdu.
FBIO	FBIO bilançosunu açıkladı.
TNON	TNON bugün yatırımcıların odağında.
AAME	Atlantic American Corporation hisseleri yükseldi.
VC	VC bilançosunu açıkladı.
SPRB	SPRB bugün yatırımcıların odağında.
RNPOL	RNPOL bugün yatırımcıların odağında.
ROIV	ROIV yeni yatırım planını duyurdu.
DE10Y	German Bund 10 Year getirisi geriledi.
CDZI	CDZI bugün yatırımcıların odağında.
XU100	BIST 100 endeksi sanayi hisselerindeki alicili seyirle yukseliste
CALC	CALC bilançosunu açıkladı.
EVTV	EVTV bilançosunu açıkladı.
NAVN	NAVN bilançosunu açıkladı.
F_GARAN	Garanti Bankasi Vadeli Islem Sozlesmesi bugün yatırımcıların odağında.
ORLY	ORLY yeni yatırım planını duyurdu.
ATLX	Atlas Lithium Corporation hisseleri yükseldi.
GLBMD	GLOBAL MENKUL DE?ERLER A.?. bugün yatırımcıların odağında.
WYFI	WYFI bugün yatırımcıların odağında.
TBRG	TruBridge, Inc. bugün yatırımcıların odağında.
TRILC	TURK ?LAC VE SERUM SANAY? A.?. yeni yatırım planını duyurdu.
AKSEN	AKSA ENERJ? URET?M A.?. bugün yatırımcıların odağında.
BRSAN	BRSAN yeni yatırım planını duyurdu.
NECB	NECB yeni yatırım planını duyurdu.
TWG	TWG yeni yatırım planını duyurdu.
WVVI	WVVI yeni yatırım planını duyurdu.
GTX	Garrett Motion Inc. bugün yatırımcıların odağında.
THYAO	THY yeni ucak alimi icin Airbus ile gorusuyor
EBEBK	EBEBEK MA?AZACILIK A.?. bugün yatırımcıların odağında.
QRHC	Quest Resource Holding Corporation hisseleri yükseldi.
VNOM	VNOM yeni yatırım planını duyurdu.
RGC	Regencell Bioscience Holdings Limited bugün yatırımcıların odağında.
DIRIT	DIRIT bilançosunu açıkladı.
EGGUB	EGE GUBRE SANAY?? A.?. bilançosunu açıkladı.
APEI	APEI bilançosunu açıkladı.
GCL	GCL Global Holdings Ltd hisseleri yükseldi.
JLHL	JLHL hisseleri yükseldi.
PSHG	Performance Shipping Inc. hisseleri yükseldi.
CG	The Carlyle Group Inc. hisseleri yükseldi.
LSTA	Lisata Therapeutics, Inc. bugün yatırımcıların odağında.
CRWD	CRWD bugün yatırımcıların odağında.
CTAS	CTAS hisseleri yükseldi.
ZEO	Zeo Energy Corporation bilançosunu açıkladı.
AROW	AROW bilançosunu açıkladı.
EZRA	Reliance Global Group, Inc. bilançosunu açıkladı.
TATT	TAT Technologies Ltd. bilançosunu açıkladı.
TRMK	Trustmark Corporation yeni yatırım planını duyurdu.
CHRW	C.H. Robinson Worldwide, Inc. bugün yatırımcıların odağında.
DSGR	DSGR bugün yatırımcıların odağında.
RUM	Rumble Inc. bugün yatırımcıların odağında.
TXN	TXN hisseleri yükseldi.
LIND	LIND yeni yatırım planını duyurdu.
TGSAS	TGSAS hisseleri yükseldi.
MGEE	MGE Energy Inc. bugün yatırımcıların odağında.
PDSB	PDS Biotechnology Corporation bilançosunu açıkladı.
OTGA	OTG Acquisition Corp. I hisseleri yükseldi.
FGMC	FGMC bugün yatırımcıların odağında.
LULU	LULU bilançosunu açıkladı.
ISGSY	?? G?R???M SERMAYES? YATIRIM ORTAKLI?I A.?. bilançosunu açıkladı.
LCID	LCID bilançosunu açıkladı.
NMFC	NMFC hisseleri yükseldi.
TCRX	TScan Therapeutics, Inc. hisseleri yükseldi.
XENE	XENE yeni yatırım planını duyurdu.
XERS	Xeris Biopharma Holdings, Inc. bugün yatırımcıların odağında.
LITE	Lumentum Holdings Inc. hisseleri yükseldi.
INSE	Inspired Entertainment, Inc. bugün yatırımcıların odağında.
BKYI	BKYI yeni yatırım planını duyurdu.
EDBL	Edible Garden AG Incorporated bugün yatırımcıların odağında.
LINK	L?NK B?LG?SAYAR S?STEMLER? YAZILIMI VE DONANIMI SANAY? VE T?CARET A.?. hisseleri yükseldi.
OKUR	OKUR yeni yatırım planını duyurdu.
TONX	TON Strategy Company bilançosunu açıkladı.
GBLI	Global Indemnity Group, LLC yeni yatırım planını duyurdu.
EGHA	EGHA hisseleri yükseldi.
ATNI	ATN International, Inc. hisseleri yükseldi.
EGSER	EGSER bugün yatırımcıların odağında.
SPOK	SPOK yeni yatırım planını duyurdu.
JBLU	JetBlue Airways Corporation yeni yatırım planını duyurdu.
ASTI	ASTI bugün yatırımcıların odağında.
APPN	Appian Corporation yeni yatırım planını duyurdu.
ANGH	Anghami Inc. bugün yatırımcıların odağında.
KBSX	FST Corp. bugün yatırımcıların odağında.
HRZN	HRZN hisseleri yükseldi.
PENG	PENG yeni yatırım planını duyurdu.
PLBY	Playboy, Inc. hisseleri yükseldi.
ARWR	ARWR hisseleri yükseldi.
CHRS	CHRS hisseleri yükseldi.
ALGO	ALGO yatırımcı ilgisi gördü.
SISE	SISE kimyasallar tarafindaki kapasite kullanimini artiriyor
SHAZ	SHAZ yeni yatırım planını duyurdu.
GARAN	Garanti BBVA ilk ceyrek karini beklentilerin uzerinde acikladi
TR10Y	Gösterge tahvil getirisi geriledi.
BIGCH	BIGCH hisseleri yükseldi.
RCKT	RCKT bilançosunu açıkladı.
SIDU	Sidus Space, Inc. yeni yatırım planını duyurdu.
HCKT	HCKT bugün yatırımcıların odağında.
NUTX	NUTX hisseleri yükseldi.
IBG	Innovation Beverage Group Limited yeni yatırım planını duyurdu.
CLYM	Climb Bio, Inc. hisseleri yükseldi.
DNUT	Krispy Kreme, Inc. yeni yatırım planını duyurdu.
SND	SND hisseleri yükseldi.
SAHOL	SAHOL yatirim harcamalarini nakit yaratma kapasitesine gore yonetiyor
CLNN	CLNN bilançosunu açıkladı.
YEOTK	YEOTK yeni yatırım planını duyurdu.
GH	GH hisseleri yükseldi.
CLRO	ClearOne, Inc. bilançosunu açıkladı.
FVCB	FVCB bugün yatırımcıların odağında.
OXBR	Oxbridge Re Holdings Limited bilançosunu açıkladı.
DGICB	Donegal Group, Inc. yeni yatırım planını duyurdu.
EUYO	EUYO bilançosunu açıkladı.
AGCC	AGCC hisseleri yükseldi.
INDP	INDP bilançosunu açıkladı.
RVPH	RVPH bugün yatırımcıların odağında.
XNDU	XNDU yeni yatırım planını duyurdu.
AVGYO	AVRASYA GAYR?MENKUL YATIRIM ORTAKLI?I A.?. bugün yatırımcıların odağında.
OM	Outset Medical, Inc. bilançosunu açıkladı.
CTSO	CTSO hisseleri yükseldi.
JBIO	Jade Biosciences, Inc. bugün yatırımcıların odağında.
ALTI	ALTI yeni yatırım planını duyurdu.
SFM	SFM hisseleri yükseldi.
YATAS	YATA? YATAK VE YORGAN SANAY? T?CARET A.?. yeni yatırım planını duyurdu.
WMT	WMT bugün yatırımcıların odağında.
AKFYE	AKFYE bugün yatırımcıların odağında.
ULUSE	ULUSOY ELEKTR?K ?MALAT TAAHHÜT VE T?CARET A.?. bilançosunu açıkladı.
INBX	Inhibrx Biosciences, Inc. yeni yatırım planını duyurdu.
PCSA	PCSA hisseleri yükseldi.
UBCP	United Bancorp, Inc. hisseleri yükseldi.
CTMX	CTMX hisseleri yükseldi.
SAAQ	Space Asset Acquisition Corp. yeni yatırım planını duyurdu.
ACTG	Acacia Research Corporation hisseleri yükseldi.
RMNI	Rimini Street, Inc. hisseleri yükseldi.
LAWR	Robot Consulting Co., Ltd. hisseleri yükseldi.
AACI	AACI yeni yatırım planını duyurdu.
NNBR	NNBR (NN Inc.) stock gains nearly 14 percent even as it misses Q4 2025 earnings estimates. - Community Risk Signals - Cổng thông tin điện tử tỉnh Lào Cai
MDCX	MDCX yeni yatırım planını duyurdu.
SNICA	SAN?CA ISI SANAY? A.?. bugün yatırımcıların odağında.
BMSTL	BMSTL bugün yatırımcıların odağında.
HELP	Cybin Inc. hisseleri yükseldi.
LUCY	Innovative Eyewear, Inc. hisseleri yükseldi.
KOPOL	KOZA POLYESTER SANAY? VE T?CARET A.?. bilançosunu açıkladı.
CROX	CROX bugün yatırımcıların odağında.
CENX	CENX hisseleri yükseldi.
BLIV	BLIV hisseleri yükseldi.
XCBE	XCBE hisseleri yükseldi.
US10Y	US Treasury 10 Year faizi yukarı yönlü hareket etti.
IQST	iQSTEL Inc. yeni yatırım planını duyurdu.
LICN	LICN yeni yatırım planını duyurdu.
MNDRS	MENDERES TEKST?L SANAY? VE T?CARET A.?. bugün yatırımcıların odağında.
AVAH	AVAH bugün yatırımcıların odağında.
OYLUM	OYLUM bilançosunu açıkladı.
AVTUR	AVRASYA PETROL VE TUR?ST?K TES?SLER YATIRIMLAR A.?. bugün yatırımcıların odağında.
DYN	Dyne Therapeutics, Inc. bilançosunu açıkladı.
ADGYO	ADGYO yeni yatırım planını duyurdu.
GMTAS	GMTAS bilançosunu açıkladı.
GIPTA	GIPTA OF?S KIRTAS?YE VE PROMOSYON ÜRÜNLER? ?MALAT SANAY? A.?. bugün yatırımcıların odağında.
FRPT	FRPT hisseleri yükseldi.
IMA	ImageneBio, Inc. bugün yatırımcıların odağında.
ROP	ROP bilançosunu açıkladı.
RCKY	RCKY bugün yatırımcıların odağında.
BPOP	BPOP bilançosunu açıkladı.
GLCVY	GELECEK VARLIK YONET?M? A.?. hisseleri yükseldi.
LPRO	LPRO hisseleri yükseldi.
CELH	CELH yeni yatırım planını duyurdu.
JUNS	Jupiter Neurosciences, Inc. bugün yatırımcıların odağında.
HYPD	HYPD hisseleri yükseldi.
REE	REE Automotive Ltd. bilançosunu açıkladı.
YYAI	AiRWA Inc. yeni yatırım planını duyurdu.
ROST	ROST bilançosunu açıkladı.
SOKE	SOKE bugün yatırımcıların odağında.
RCON	Recon Technology, Ltd. bilançosunu açıkladı.
AERT	Aeries Technology, Inc. bilançosunu açıkladı.
PNRG	PNRG yeni yatırım planını duyurdu.
JCSE	JCSE bugün yatırımcıların odağında.
CONSE	CONSUS ENERJ? ??LETMEC?L??? VE H?ZMETLER? A.?. bilançosunu açıkladı.
MLEC	MLEC bilançosunu açıkladı.
LWLG	LWLG bilançosunu açıkladı.
PCRX	PCRX yeni yatırım planını duyurdu.
NUVL	Nuvalent, Inc. bugün yatırımcıların odağında.
GURE	GURE hisseleri yükseldi.
JACK	Jack In The Box Inc. bilançosunu açıkladı.
TTEC	TTEC Holdings, Inc. hisseleri yükseldi.
YYLGD	YAYLA AGRO GIDA SANAY? VE T?CARET A.?. yeni yatırım planını duyurdu.
USDSEK	USDSEK paritesinde oynaklık arttı.
BNKK	BNKK bugün yatırımcıların odağında.
DURDO	DURAN DO?AN BASIM VE AMBALAJ SANAY? A.?. yeni yatırım planını duyurdu.
OVBC	OVBC bilançosunu açıkladı.
FGNX	FGNX yeni yatırım planını duyurdu.
STRL	Sterling Infrastructure, Inc. bugün yatırımcıların odağında.
LGO	Largo Inc. hisseleri yükseldi.
PINSU	PINAR SU VE ?ÇECEK SANAY? VE T?CARET A.?. hisseleri yükseldi.
AVXL	Anavex Life Sciences Corp. yeni yatırım planını duyurdu.
WXM	WF International Limited yeni yatırım planını duyurdu.
ALF	ALF hisseleri yükseldi.
GOAI	Eva Live Inc. bilançosunu açıkladı.
NBTB	NBT Bancorp Inc. hisseleri yükseldi.
ENERY	ENERYA ENERJ? A.?. bilançosunu açıkladı.
KLMSN	KLMSN hisseleri yükseldi.
WHWK	Whitehawk Therapeutics, Inc. bugün yatırımcıların odağında.
OCGN	OCGN yeni yatırım planını duyurdu.
KLKIM	KLKIM bilançosunu açıkladı.
F_EURTRY	F_EURTRY tarafında volatilite yükseldi.
METC	Ramaco Resources, Inc. hisseleri yükseldi.
HUHU	HUHU bugün yatırımcıların odağında.
INAB	IN8bio, Inc. hisseleri yükseldi.
BANR	BANR bugün yatırımcıların odağında.
SCOR	comScore, Inc. bilançosunu açıkladı.
DTSQ	DTSQ bilançosunu açıkladı.
LIQT	LiqTech International, Inc. yeni yatırım planını duyurdu.
GMHS	Gamehaus Holdings Inc. yeni yatırım planını duyurdu.
BANL	CBL International Limited yeni yatırım planını duyurdu.
SCPQ	SCPQ hisseleri yükseldi.
CMBTN	C?MBETON HAZIRBETON VE PREFABR?K YAPI ELEMANLARI SANAY? VE T?CARET A.?. yeni yatırım planını duyurdu.
ROMA	ROMA bilançosunu açıkladı.
SPT	Sprout Social, Inc yeni yatırım planını duyurdu.
XRX	XRX bilançosunu açıkladı.
AYES	AYES bugün yatırımcıların odağında.
AMRX	AMRX yeni yatırım planını duyurdu.
SANM	SANM bugün yatırımcıların odağında.
EML	EML hisseleri yükseldi.
KCHOL	Koç Holding ford ve enerji tarafindaki gelismelerle primlendi
ARDYZ	ARDYZ bilançosunu açıkladı.
RKLB	RKLB bilançosunu açıkladı.
TCRT	TCRT bilançosunu açıkladı.
ORGO	Organogenesis Holdings Inc. hisseleri yükseldi.
SMMT	SMMT bilançosunu açıkladı.
CARG	CARG bilançosunu açıkladı.
BEAM	BEAM yeni yatırım planını duyurdu.
CWD	CWD hisseleri yükseldi.
BTC	Bitcoin ETF girisleri sonrasi 70 bin dolar sinirina yaklasti
LOGO	Logo Yazilim e-donusum urun grubunda buyume bekliyor
NTCL	NETCLASS TECHNOLOGY INC bilançosunu açıkladı.
TILE	Interface, Inc. yeni yatırım planını duyurdu.
KROS	KROS bilançosunu açıkladı.
OIL	Peter Schiff Alleges Market Manipulation As $760 Million Bet Draws Scrutiny—Iran Parliamentary Speaker Calls Oil Futures, Treasuries 'House Of Cards' - Yahoo Finance
ACT	ACT bilançosunu açıkladı.
ISKUR	TURK?YE ?? BANKASI A.?. yeni yatırım planını duyurdu.
GOODY	GOODY yeni yatırım planını duyurdu.
WIMI	WiMi Hologram Cloud Inc. yeni yatırım planını duyurdu.
LPSN	LivePerson, Inc. bilançosunu açıkladı.
UFPT	UFP Technologies, Inc. hisseleri yükseldi.
PYPL	PayPal Holdings, Inc. hisseleri yükseldi.
LASE	LASE hisseleri yükseldi.
ELITE	ELITE bugün yatırımcıların odağında.
HPAI	Helport AI Limited yeni yatırım planını duyurdu.
SRBK	SRBK hisseleri yükseldi.
TANH	TANH bugün yatırımcıların odağında.
GEOS	GEOS yeni yatırım planını duyurdu.
CLPS	CLPS Incorporation bugün yatırımcıların odağında.
RPAY	RPAY hisseleri yükseldi.
SPCB	SPCB bugün yatırımcıların odağında.
TDUP	ThredUp Inc. hisseleri yükseldi.
CADL	Candel Therapeutics, Inc. bugün yatırımcıların odağında.
HOLO	HOLO bugün yatırımcıların odağında.
AXON	AXON hisseleri yükseldi.
AUDC	AUDC bilançosunu açıkladı.
USGO	U.S. GoldMining Inc. yeni yatırım planını duyurdu.
ASELS	Aselsan yeni radar sistemi teslimati icin takvimi paylasti
LIMN	Liminatus Pharma, Inc. hisseleri yükseldi.
OPCH	Option Care Health, Inc. yeni yatırım planını duyurdu.
BCDA	BioCardia, Inc. yeni yatırım planını duyurdu.
DOCU	DocuSign, Inc. hisseleri yükseldi.
GFAI	Guardforce AI Co., Limited yeni yatırım planını duyurdu.
INTG	The Intergroup Corporation hisseleri yükseldi.
GLBS	GLBS bugün yatırımcıların odağında.
PANW	Palo Alto Networks, Inc. bilançosunu açıkladı.
PNSUT	PNSUT yeni yatırım planını duyurdu.
ALKT	Alkami Technology, Inc. hisseleri yükseldi.
MZHLD	MAZHAR ZORLU HOLD?NG A.?. yeni yatırım planını duyurdu.
SNKRN	SNKRN hisseleri yükseldi.
AENT	AENT bugün yatırımcıların odağında.
MLAA	MLAA bilançosunu açıkladı.
LTRX	LTRX bugün yatırımcıların odağında.
KERVT	KEREV?TA? GIDA SANAY? VE T?CARET A.?. hisseleri yükseldi.
WABC	Westamerica Bancorporation hisseleri yükseldi.
SKBL	Skyline Builders Group Holding Limited yeni yatırım planını duyurdu.
MDLZ	Mondelez International, Inc. bugün yatırımcıların odağında.
NXTC	NXTC bugün yatırımcıların odağında.
MSW	Ming Shing Group Holdings Limited bugün yatırımcıların odağında.
TKNSA	TEKNOSA ?Ç VE DI? T?CARET A.?. yeni yatırım planını duyurdu.
DGGYO	DGGYO hisseleri yükseldi.
ACCL	ACCL bugün yatırımcıların odağında.
MORN	MORN bilançosunu açıkladı.
ULKER	ULKER B?SKUV? SANAY? A.?. bilançosunu açıkladı.
LOBO	LOBO hisseleri yükseldi.
AGYO	AGYO hisseleri yükseldi.
NSPR	NSPR yeni yatırım planını duyurdu.
ZSPC	ZSPC hisseleri yükseldi.
OBT	OBT bilançosunu açıkladı.
MNKD	MannKind Corporation hisseleri yükseldi.
HSI	Hang Seng Index (Hong Kong) bugün yatırımcıların odağında.
PGSUS	Pegasus dis hat kapasitesini yaz aylarinda yukseltecek
CHAR	Charlton Aria Acquisition Corporation bilançosunu açıkladı.
LWAY	LWAY yeni yatırım planını duyurdu.
QDEL	QDEL yeni yatırım planını duyurdu.
KUB	Kuveyt Turk Portfoy Katilim Fonu bugün yatırımcıların odağında.
AKBNK	Akbank sendikasyon kredisine yuksek talep geldigini duyurdu
IRTC	IRTC yeni yatırım planını duyurdu.
AEFES	ANADOLU EFES B?RACILIK VE MALT SANAY?? A.?. bugün yatırımcıların odağında.
LNT	LNT hisseleri yükseldi.
IMDX	Insight Molecular Diagnostics Inc. hisseleri yükseldi.
SYPR	SYPR hisseleri yükseldi.
CBSH	Commerce Bancshares, Inc. yeni yatırım planını duyurdu.
IHEVA	?HLAS EV ALETLER? ?MALAT SANAY? VE T?CARET A.?. hisseleri yükseldi.
NAMS	NewAmsterdam Pharma Company N.V. hisseleri yükseldi.
MMED	MiniMed Group, Inc. hisseleri yükseldi.
KURA	KURA hisseleri yükseldi.
USDINR	USDINR kuru yeni seviyeyi test etti.
MDGL	Madrigal Pharmaceuticals, Inc. bilançosunu açıkladı.
AKCNS	AKCANSA C?MENTO SANAY? VE T?CARET A.?. bugün yatırımcıların odağında.
ARHS	ARHS yeni yatırım planını duyurdu.
BIAF	BIAF hisseleri yükseldi.
COCO	COCO hisseleri yükseldi.
LBGJ	Li Bang International Corporation Inc. bilançosunu açıkladı.
VINP	VINP bugün yatırımcıların odağında.
FNWD	FNWD hisseleri yükseldi.
ACLX	ACLX bugün yatırımcıların odağında.
WLII	Willow Lane Acquisition Corp. II hisseleri yükseldi.
GERN	GERN yeni yatırım planını duyurdu.
DXLG	Destination XL Group, Inc. bilançosunu açıkladı.
KENT	KENT GIDA MADDELER? SANAY?? VE T?CARET A.?. bugün yatırımcıların odağında.
INLF	INLF bilançosunu açıkladı.
STRS	STRS hisseleri yükseldi.
AUGO	Aura Minerals Inc. hisseleri yükseldi.
KCAER	KCAER bugün yatırımcıların odağında.
ARTW	Art's-Way Manufacturing Co., Inc. bilançosunu açıkladı.
PMAX	Powell Max Limited bugün yatırımcıların odağında.
HOOD	Robinhood Markets, Inc. yeni yatırım planını duyurdu.
FNLC	First Bancorp, Inc (ME) yeni yatırım planını duyurdu.
ERAS	ERAS bugün yatırımcıların odağında.
KRT	KRT bilançosunu açıkladı.
BTC	Bitcoin opsiyon piyasasinda risk istahi yukseliyor
LAKE	LAKE hisseleri yükseldi.
KUTPO	KÜTAHYA PORSELEN SANAY? A.?. bilançosunu açıkladı.
CBNK	CBNK hisseleri yükseldi.
USEG	USEG bilançosunu açıkladı.
MNDO	MIND C.T.I. Ltd. bilançosunu açıkladı.
ORIO	ORIO yeni yatırım planını duyurdu.
URGN	URGN hisseleri yükseldi.
PETZ	TDH Holdings, Inc. hisseleri yükseldi.
NTGR	NETGEAR, Inc. bugün yatırımcıların odağında.
RITR	Reitar Logtech Holdings Limited yeni yatırım planını duyurdu.
SLNH	SLNH bilançosunu açıkladı.
TOWN	TOWN bilançosunu açıkladı.
SHBI	SHBI bugün yatırımcıların odağında.
LUNG	Pulmonx Corporation bugün yatırımcıların odağında.
STAK	STAK Inc. hisseleri yükseldi.
F_AKBNK	F_AKBNK bugün yatırımcıların odağında.
ARCLK	ARCLK Avrupa talebindeki toparlanma beklentileriyle destek buluyor
DLXY	DLXY hisseleri yükseldi.
NPT	NPT yeni yatırım planını duyurdu.
VESBE	VESBE bilançosunu açıkladı.
VAKBN	TURK?YE VAKIFLAR BANKASI T.A.O. hisseleri yükseldi.
ARTV	ARTV yeni yatırım planını duyurdu.
CLPT	CLPT yeni yatırım planını duyurdu.
SAIL	SailPoint, Inc. bugün yatırımcıların odağında.
FARM	Farmer Brothers Company bugün yatırımcıların odağında.
SAFT	Safety Insurance Group, Inc. bugün yatırımcıların odağında.
RDCM	Radcom Ltd. hisseleri yükseldi.
MB	MasterBeef Group bugün yatırımcıların odağında.
WGRX	WGRX yeni yatırım planını duyurdu.
DNTH	DNTH hisseleri yükseldi.
GAME	GAME bilançosunu açıkladı.
MCHP	Microchip Technology Incorporated hisseleri yükseldi.
TRST	TrustCo Bank Corp NY yeni yatırım planını duyurdu.
OBA	OBA yeni yatırım planını duyurdu.
SPRC	SPRC hisseleri yükseldi.
IEAG	IEAG hisseleri yükseldi.
ENLT	ENLT bilançosunu açıkladı.
BCAB	BioAtla, Inc. hisseleri yükseldi.
NUWE	NUWE bugün yatırımcıların odağında.
THYAO	Turk Hava Yollari kargo operasyonlarindaki kapasite artisini surduruyor
FIGX	FIGX Capital Acquisition Corp. bilançosunu açıkladı.
AAL	American Airlines Group, Inc. yeni yatırım planını duyurdu.
BNGO	BNGO bilançosunu açıkladı.
ISYAT	ISYAT yeni yatırım planını duyurdu.
PROK	ProKidney Corp. bilançosunu açıkladı.
PGSUS	Pegasus yaz sezonu oncesi yeni hatlarini duyurdu
WENN	WENN yeni yatırım planını duyurdu.
IOTR	iOThree Limited bugün yatırımcıların odağında.
ASO	Academy Sports and Outdoors, Inc. bugün yatırımcıların odağında.
OPAL	OPAL Fuels Inc. yeni yatırım planını duyurdu.
AKBNK	Akbank dijital bankacilik yatirimlarini hizlandirdi
PBHC	Pathfinder Bancorp, Inc. yeni yatırım planını duyurdu.
WATT	Energous Corporation bugün yatırımcıların odağında.
FBLA	FB Bancorp, Inc. bugün yatırımcıların odağında.
IFBD	Infobird Co., Ltd bilançosunu açıkladı.
GILD	GILD yeni yatırım planını duyurdu.
TULP	Bloomia Holdings, Inc. bilançosunu açıkladı.
UTMD	Utah Medical Products, Inc. bilançosunu açıkladı.
APOG	APOG bugün yatırımcıların odağında.
FRHC	FRHC hisseleri yükseldi.
NERV	Minerva Neurosciences, Inc hisseleri yükseldi.
JWEL	JWEL bilançosunu açıkladı.
TWLV	Twelve Seas Investment Company III hisseleri yükseldi.
SSRM	SSR Mining Inc. yeni yatırım planını duyurdu.
ARKO	ARKO Corp. bilançosunu açıkladı.
ACLS	Axcelis Technologies, Inc. hisseleri yükseldi.
USDZAR	USD/ZAR paritesinde oynaklık arttı.
FRD	FRD bilançosunu açıkladı.
CCRN	CCRN bugün yatırımcıların odağında.
PRAX	PRAX hisseleri yükseldi.
DTSS	Datasea Intelligent Technology Ltd. bugün yatırımcıların odağında.
OZSUB	OZSU BALIK URET?M A.?. bugün yatırımcıların odağında.
SUUN	PowerBank Corporation bilançosunu açıkladı.
BYFC	BYFC bugün yatırımcıların odağında.
SIMA	SIM Acquisition Corp. I bilançosunu açıkladı.
FONET	FONET B?LG? TEKNOLOJ?LER? A.?. hisseleri yükseldi.
IMASM	?MA? MAK?NA SANAY? A.?. yeni yatırım planını duyurdu.
USDTRY	Dolar/TL kurunda sinirli yukselis suruyor
ARDX	Ardelyx, Inc. hisseleri yükseldi.
CLEBI	CLEBI bugün yatırımcıların odağında.
XOMA	XOMA yeni yatırım planını duyurdu.
F_XU030	VIOP 30 kontratlarinda acilis sonrasi hacim artti
CHPG	ChampionsGate Acquisition Corporation bilançosunu açıkladı.
TECX	TECX bilançosunu açıkladı.
MNOV	MNOV yeni yatırım planını duyurdu.
DENGE	DENGE YATIRIM HOLD?NG A.?. bilançosunu açıkladı.
ELWT	Elauwit Connection, Inc. yeni yatırım planını duyurdu.
DNLI	DNLI bugün yatırımcıların odağında.
BTC	Coinbase vs. Bitcoin: Why the Crypto Stock Is a Better Buy - The Motley Fool
SORA	AsiaStrategy bugün yatırımcıların odağında.
SOLS	SOLS bilançosunu açıkladı.
WDC	WDC hisseleri yükseldi.
OSBC	Old Second Bancorp, Inc. bilançosunu açıkladı.
CTAA	ClearThink 1 Acquisition Corp. bilançosunu açıkladı.
FRPH	FRP Holdings, Inc. bilançosunu açıkladı.
BBSI	Barrett Business Services, Inc. bugün yatırımcıların odağında.
HOFT	HOFT hisseleri yükseldi.
INTR	Inter & Co. Inc. yeni yatırım planını duyurdu.
UCFI	UCFI hisseleri yükseldi.
BFRI	Biofrontera Inc. bugün yatırımcıların odağında.
CYAB	Cyabra, Inc. hisseleri yükseldi.
WPRT	WPRT bugün yatırımcıların odağında.
AMZN	Amazon.com, Inc. bilançosunu açıkladı.
DCBO	DCBO hisseleri yükseldi.
IINN	IINN hisseleri yükseldi.
CNXC	Concentrix Corporation bilançosunu açıkladı.
RIME	Algorhythm Holdings, Inc. bilançosunu açıkladı.
MIND	MIND Technology, Inc. bugün yatırımcıların odağında.
YAY	YAY bugün yatırımcıların odağında.
DSP	DSP hisseleri yükseldi.
USDCNY	US Dollar / Chinese Yuan kuru yeni seviyeyi test etti.
VRDN	VRDN bugün yatırımcıların odağında.
VRAX	VRAX bilançosunu açıkladı.
RYSAS	RYSAS bilançosunu açıkladı.
AUID	AUID bilançosunu açıkladı.
NVNO	NVNO bugün yatırımcıların odağında.
ECPG	ECPG hisseleri yükseldi.
STKL	STKL hisseleri yükseldi.
SONME	SONME bilançosunu açıkladı.
GWRS	GWRS yeni yatırım planını duyurdu.
GSDHO	GSD HOLD?NG A.?. yeni yatırım planını duyurdu.
NWL	NWL hisseleri yükseldi.
AIDX	20/20 Biolabs, Inc. yeni yatırım planını duyurdu.
APXT	APXT bugün yatırımcıların odağında.
CRAN	Crane Harbor Acquisition Corp. II bugün yatırımcıların odağında.
COO	Adaptive Biotechnologies COO 1,01 milyon dolarlık hisse sattı Yazar Investing.com - Investing.com Türkiye
ALDX	Aldeyra Therapeutics, Inc. bilançosunu açıkladı.
APLM	Apollomics Inc. bugün yatırımcıların odağında.
VKTX	Viking Therapeutics, Inc. hisseleri yükseldi.
OWLS	OWLS hisseleri yükseldi.
HQ	Horizon Quantum Holdings Ltd. bilançosunu açıkladı.
MRAM	Everspin Technologies, Inc. bugün yatırımcıların odağında.
SBET	Sharplink, Inc. bugün yatırımcıların odağında.
RPRX	Royalty Pharma plc yeni yatırım planını duyurdu.
HITI	High Tide Inc. bilançosunu açıkladı.
RBKB	Rhinebeck Bancorp, Inc. yeni yatırım planını duyurdu.
SYBT	SYBT yeni yatırım planını duyurdu.
RYM	RYM yeni yatırım planını duyurdu.
ASUR	ASUR bugün yatırımcıların odağında.
AMCI	AMC Robotics Corporation bilançosunu açıkladı.
OLMA	Olema Pharmaceuticals, Inc. bilançosunu açıkladı.
SHIM	Shimmick Corporation bugün yatırımcıların odağında.
IDYA	IDEAYA Biosciences, Inc. yeni yatırım planını duyurdu.
FMNB	Farmers National Banc Corp. bugün yatırımcıların odağında.
SPX	S&P 500 endeksi banka bilancolari sonrasi karisik seyretti
TOMZ	TOMI Environmental Solutions, Inc. hisseleri yükseldi.
BLZE	Backblaze, Inc. hisseleri yükseldi.
BHRB	Burke & Herbert Financial Services Corp. hisseleri yükseldi.
EA	Electronic Arts Inc. bugün yatırımcıların odağında.
HHS	HHS bilançosunu açıkladı.
NUCL	NUCL yeni yatırım planını duyurdu.
SISE	SISE duzcam ve kimyasallar segmentindeki talep canlanmasini izliyor
TPG	TPG Inc. yeni yatırım planını duyurdu.
PSIG	PSIG bugün yatırımcıların odağında.
GPRE	Green Plains, Inc. bilançosunu açıkladı.
NAKA	NAKA bilançosunu açıkladı.
PZZA	Papa John's International, Inc. yeni yatırım planını duyurdu.
ATXG	ATXG bugün yatırımcıların odağında.
TSHA	TSHA hisseleri yükseldi.
GTERA	Globa Terra Acquisition Corporation bugün yatırımcıların odağında.
NVDA	NVDA bugün yatırımcıların odağında.
IXHL	Incannex Healthcare Inc. hisseleri yükseldi.
SMBC	Southern Missouri Bancorp, Inc. bugün yatırımcıların odağında.
CACC	Credit Acceptance Corporation yeni yatırım planını duyurdu.
PRTS	CarParts.com, Inc. bilançosunu açıkladı.
FSV	FSV yeni yatırım planını duyurdu.
EXC	EXC bugün yatırımcıların odağında.
PRTA	PRTA bilançosunu açıkladı.
PVLA	PVLA bilançosunu açıkladı.
AVAV	AeroVironment, Inc. hisseleri yükseldi.
PKBK	Parke Bancorp, Inc. yeni yatırım planını duyurdu.
AISP	Airship AI Holdings, Inc bilançosunu açıkladı.
IRMD	IRMD bugün yatırımcıların odağında.
ANSC	Agriculture & Natural Solutions Acquisition Corporation bugün yatırımcıların odağında.
JDZG	JIADE LIMITED yeni yatırım planını duyurdu.
SOBR	SOBR hisseleri yükseldi.
HURGZ	HURGZ bugün yatırımcıların odağında.
UNB	UNB bilançosunu açıkladı.
ANGI	Angi Inc. yeni yatırım planını duyurdu.
KZGYO	KUZUGRUP GAYR?MENKUL YATIRIM ORTAKLI?I A.?. bilançosunu açıkladı.
ANIP	ANI Pharmaceuticals, Inc. bugün yatırımcıların odağında.
CAR	Avis Budget Group, Inc. bugün yatırımcıların odağında.
PAGYO	PANORA GAYR?MENKUL YATIRIM ORTAKLI?I A.?. bugün yatırımcıların odağında.
NVEC	NVEC hisseleri yükseldi.
YORW	The York Water Company hisseleri yükseldi.
ASUZU	ASUZU bugün yatırımcıların odağında.
SAHOL	Sabanci Holding sigorta ve sanayi tarafindaki cesitlilikle one cikti
SKWD	SKWD hisseleri yükseldi.
MATW	MATW bilançosunu açıkladı.
YJ	Yunji Inc. bugün yatırımcıların odağında.
ATEC	ATEC hisseleri yükseldi.
REVB	REVB yeni yatırım planını duyurdu.
ISBA	ISBA bugün yatırımcıların odağında.
DLHC	DLH Holdings Corp. yeni yatırım planını duyurdu.
FOXF	Fox Factory Holding Corp. hisseleri yükseldi.
MNPR	Monopar Therapeutics Inc. bugün yatırımcıların odağında.
PSNY	PSNY bugün yatırımcıların odağında.
MBX	MBX bilançosunu açıkladı.
ORCAY	ORÇAY ORTAKÖY ÇAY SANAY? VE T?CARET A.?. hisseleri yükseldi.
GNTX	Gentex Corporation bilançosunu açıkladı.
ENSG	ENSG bilançosunu açıkladı.
AQMS	Aqua Metals, Inc. hisseleri yükseldi.
IRIX	IRIX bugün yatırımcıların odağında.
CDNS	CDNS yeni yatırım planını duyurdu.
ILAG	Intelligent Living Application Group Inc. bilançosunu açıkladı.
PACH	Pioneer Acquisition I Corp bilançosunu açıkladı.
MTCH	MTCH bilançosunu açıkladı.
BMSCH	BMS ÇEL?K HASIR SANAY? VE T?CARET A.?. hisseleri yükseldi.
GLYHO	GLYHO bilançosunu açıkladı.
SMRTG	SMART GUNE? ENERJ?S? TEKNOLOJ?LER? ARA?TIRMA GEL??T?RME URET?M SANAY? VE T?CARET A.?. yeni yatırım planını duyurdu.
UPWK	UPWK bugün yatırımcıların odağında.
KWM	K Wave Media, Ltd. bilançosunu açıkladı.
PLRZ	Polyrizon Ltd. yeni yatırım planını duyurdu.
FOSL	Fossil Group, Inc. hisseleri yükseldi.
FBGL	FBGL bilançosunu açıkladı.
TUSK	Mammoth Energy Services, Inc. hisseleri yükseldi.
BIZIM	B?Z?M TOPTAN SATI? MA?AZALARI A.?. bugün yatırımcıların odağında.
IDGYO	?DEAL?ST GAYR?MENKUL YATIRIM ORTAKLI?I A.?. bilançosunu açıkladı.
OSMEN	OSMANLI YATIRIM MENKUL DE?ERLER A.?. bugün yatırımcıların odağında.
LFAC	LFAC hisseleri yükseldi.
CAST	FreeCast, Inc. bilançosunu açıkladı.
IBRX	IBRX bugün yatırımcıların odağında.
BLLN	BLLN yeni yatırım planını duyurdu.
AVBH	AVBH bugün yatırımcıların odağında.
TCELL	TCELL kurumsal veri servislerine gelen taleple guc kazandi
NCTY	NCTY hisseleri yükseldi.
CRDFA	CREDITWEST FAKTOR?NG A.?. bugün yatırımcıların odağında.
DKNG	DKNG yeni yatırım planını duyurdu.
ACRV	ACRV bilançosunu açıkladı.
PGNY	Progyny, Inc. bilançosunu açıkladı.
MNDY	monday.com Ltd. hisseleri yükseldi.
NUAI	New Era Energy & Digital, Inc. yeni yatırım planını duyurdu.
CGEN	CGEN bilançosunu açıkladı.
GARFA	GARANT? FAKTOR?NG A.?. bugün yatırımcıların odağında.
CCOI	CCOI yeni yatırım planını duyurdu.
CRDF	CRDF yeni yatırım planını duyurdu.
COO	Zoom Communications COO 1,13 milyon dolarlık hisse sattı Yazar Investing.com - Investing.com Türkiye
AXGN	Axogen, Inc. hisseleri yükseldi.
PLTK	What to Know About Playtika Holding Corp (PLTK)’s Strategic Shift
MWYN	MWYN yeni yatırım planını duyurdu.
SBRA	SBRA bilançosunu açıkladı.
PATK	PATK bugün yatırımcıların odağında.
IPB	IPB bugün yatırımcıların odağında.
FIEE	FIEE bugün yatırımcıların odağında.
CRDO	Credo Technology Group Holding Ltd hisseleri yükseldi.
MAGH	MAGH hisseleri yükseldi.
RTALB	RTALB bugün yatırımcıların odağında.
CORT	Corcept Therapeutics Incorporated yeni yatırım planını duyurdu.
ESHA	ESH Acquisition Corp. bugün yatırımcıların odağında.
SCWO	SCWO bugün yatırımcıların odağında.
PCVX	PCVX hisseleri yükseldi.
ODYS	Odysight.ai Inc. yeni yatırım planını duyurdu.
KG	KG hisseleri yükseldi.
ENTX	Entera Bio Ltd. bugün yatırımcıların odağında.
PFSA	PFSA bilançosunu açıkladı.
SISE	SISE Avrupa pazarindaki siparis akisini guclendirdi
SONM	SONM yeni yatırım planını duyurdu.
DMAA	DMAA bugün yatırımcıların odağında.
MKTW	MarketWise, Inc. bugün yatırımcıların odağında.
JRVR	JRVR yeni yatırım planını duyurdu.
INDI	INDI bilançosunu açıkladı.
METRO	METRO T?CAR? VE MAL? YATIRIMLAR HOLD?NG A.?. bugün yatırımcıların odağında.
VTGN	Vistagen Therapeutics, Inc. bilançosunu açıkladı.
BBIO	BBIO bilançosunu açıkladı.
CGTX	Cognition Therapeutics, Inc. yeni yatırım planını duyurdu.
KCHOL	Koç Holding rafineri ve dayanikli tuketim tarafinda sinerji ariyor
ALOY	ALOY hisseleri yükseldi.
VNDA	VNDA bugün yatırımcıların odağında.
WLDN	Willdan Group, Inc. bugün yatırımcıların odağında.
ADAC	American Drive Acquisition Company bilançosunu açıkladı.
GDEV	GDEV yeni yatırım planını duyurdu.
PTCT	PTCT bugün yatırımcıların odağında.
AGAE	AGAE hisseleri yükseldi.
LAES	SEALSQ Corp bilançosunu açıkladı.
STKE	STKE yeni yatırım planını duyurdu.
ZNB	Zeta Network Group bugün yatırımcıların odağında.
OIO	OIO Group bilançosunu açıkladı.
SPKL	SPKL bilançosunu açıkladı.
GUBRF	GÜBRE FABR?KALARI T.A.?. bilançosunu açıkladı.
BULL	Webull Corporation bilançosunu açıkladı.
INTEM	INTEM bilançosunu açıkladı.
MEVO	MEVO yeni yatırım planını duyurdu.
PHAT	PHAT yeni yatırım planını duyurdu.
ABCL	ABCL bilançosunu açıkladı.
PRFX	PRFX bugün yatırımcıların odağında.
TTKOM	Turk Telekom veri merkezi gelirlerinde yeni esige yaklasti
TMSN	TUMOSAN MOTOR VE TRAKTOR SANAY? A.?. bugün yatırımcıların odağında.
VELO	VELO yeni yatırım planını duyurdu.
GLMD	GLMD yeni yatırım planını duyurdu.
BSAA	BEST SPAC I Acquisition Corp. bilançosunu açıkladı.
SEYKM	SEY?TLER K?MYA SANAY? A.?. bugün yatırımcıların odağında.
ASMB	Assembly Biosciences, Inc. yeni yatırım planını duyurdu.
FTNT	FTNT hisseleri yükseldi.
DRCT	Direct Digital Holdings, Inc. bilançosunu açıkladı.
TBPH	TBPH bugün yatırımcıların odağında.
UGRO	UGRO bilançosunu açıkladı.
WETO	WETO bugün yatırımcıların odağında.
USEA	United Maritime Corporation hisseleri yükseldi.
VYNE	VYNE hisseleri yükseldi.
MITK	Mitek Systems, Inc. hisseleri yükseldi.
CLBK	CLBK hisseleri yükseldi.
LSE	LSE bilançosunu açıkladı.
CEPT	CEPT hisseleri yükseldi.
JYD	JYD bilançosunu açıkladı.
ITOC	iTonic Holdings Ltd yeni yatırım planını duyurdu.
ISMEN	ISMEN bugün yatırımcıların odağında.
ZJK	ZJK yeni yatırım planını duyurdu.
CRMD	CRMD hisseleri yükseldi.
GIW	GIW yeni yatırım planını duyurdu.
ARQT	Arcutis Biotherapeutics, Inc. bilançosunu açıkladı.
CWCO	CWCO bugün yatırımcıların odağında.
FIZZ	National Beverage Corp. bilançosunu açıkladı.
CBC	CBC bilançosunu açıkladı.
LNKB	LINKBANCORP, Inc. bilançosunu açıkladı.
CNXN	CNXN bugün yatırımcıların odağında.
SLGL	Sol-Gel Technologies Ltd. bugün yatırımcıların odağında.
ACSEL	ACSEL bugün yatırımcıların odağında.
ALXO	ALX Oncology Holdings Inc. bilançosunu açıkladı.
PAX	Patria Investments Limited hisseleri yükseldi.
TASK	TaskUs, Inc. yeni yatırım planını duyurdu.
RAPP	Rapport Therapeutics, Inc. bilançosunu açıkladı.
CSAI	CSAI bilançosunu açıkladı.
CAEP	CAEP bugün yatırımcıların odağında.
ELVN	Enliven Therapeutics, Inc. bugün yatırımcıların odağında.
PRGS	PRGS bugün yatırımcıların odağında.
MLYS	Mineralys Therapeutics, Inc. hisseleri yükseldi.
SVIV	Spring Valley Acquisition Corp. IV yeni yatırım planını duyurdu.
COCH	Envoy Medical, Inc. bilançosunu açıkladı.
KERVN	KERVN bilançosunu açıkladı.
ITTFH	ITTFH hisseleri yükseldi.
VIVO	VivoPower PLC bilançosunu açıkladı.
DWTX	Dogwood Therapeutics, Inc. bilançosunu açıkladı.
PETKM	PETKM yeni yatırım planını duyurdu.
KRDMD	KRDMD bugün yatırımcıların odağında.
DTST	Data Storage Corporation bugün yatırımcıların odağında.
MODD	Modular Medical, Inc. bilançosunu açıkladı.
MGIH	Millennium Group International Holdings Limited bugün yatırımcıların odağında.
GENK	GENK bilançosunu açıkladı.
NBTX	Nanobiotix S.A. yeni yatırım planını duyurdu.
ESOA	Energy Services of America Corporation bilançosunu açıkladı.
GOOG	Google Cloud: New AI Accelerators, Enterprise Agentic Platform Debut
AOSL	Alpha and Omega Semiconductor Limited bilançosunu açıkladı.
CCXI	CCXI yeni yatırım planını duyurdu.
ULBI	ULBI hisseleri yükseldi.
AQB	AQB bilançosunu açıkladı.
ESEA	Euroseas Ltd. hisseleri yükseldi.
HAFC	HAFC bilançosunu açıkladı.
LPTH	LightPath Technologies, Inc. yeni yatırım planını duyurdu.
YKBNK	YKBNK odeme sistemleri gelirlerindeki buyumeyle dikkat cekti
NB	NB hisseleri yükseldi.
DARDL	DARDANEL ONENTA? GIDA SANAY? A.?. bugün yatırımcıların odağında.
GOOG	Give your laptop a new life with ChromeOS Flex - blog.google
ACNB	ACNB bugün yatırımcıların odağında.
F_EREGL	Eregli Demir Celik Vadeli Islem Sozlesmesi kontratlarında pozisyonlar arttı.
AXIN	AXIN bugün yatırımcıların odağında.
ILLR	Triller Group Inc. bilançosunu açıkladı.
ENGN	enGene Therapeutics Inc. yeni yatırım planını duyurdu.
ATGL	Alpha Technology Group Limited hisseleri yükseldi.
EYPT	EyePoint, Inc. bilançosunu açıkladı.
ASTL	Algoma Steel Group Inc. bilançosunu açıkladı.
HIT	HIT bilançosunu açıkladı.
ARQ	Arq, Inc. yeni yatırım planını duyurdu.
SISE	Sisecam yeni yatırım planını duyurdu.
WALD	WALD yeni yatırım planını duyurdu.
NETAS	Netas yeni yatırım planını duyurdu.
YDES	YD Bio Limited bugün yatırımcıların odağında.
RNTX	Rein Therapeutics, Inc. bugün yatırımcıların odağında.
GEVO	GEVO yeni yatırım planını duyurdu.
CBIO	CBIO yeni yatırım planını duyurdu.
FNGR	FNGR bilançosunu açıkladı.
RLAY	Relay Therapeutics, Inc. bilançosunu açıkladı.
TLF	TLF bilançosunu açıkladı.
ABSI	ABSI hisseleri yükseldi.
TSSI	TSS, Inc. bugün yatırımcıların odağında.
SDTTR	SDTTR bugün yatırımcıların odağında.
HTBK	HTBK bugün yatırımcıların odağında.
LRCX	Lam Research Corporation hisseleri yükseldi.
QMMM	QMMM Holdings Limited bugün yatırımcıların odağında.
DITAS	D?TA? DO?AN YEDEK PARÇA ?MALAT VE TEKN?K A.?. yeni yatırım planını duyurdu.
MCW	MCW bilançosunu açıkladı.
BURCE	BURCE hisseleri yükseldi.
STRZ	Starz Entertainment Corp. bilançosunu açıkladı.
WEST	Westrock Coffee Company bilançosunu açıkladı.
IMTE	Integrated Media Technology Limited bilançosunu açıkladı.
BWB	BWB bugün yatırımcıların odağında.
BLBD	BLBD hisseleri yükseldi.
WKHS	WKHS bugün yatırımcıların odağında.
LFWD	Lifeward Ltd. yeni yatırım planını duyurdu.
GXAI	GXAI bilançosunu açıkladı.
KMTS	Kestra Medical Technologies, Ltd. bilançosunu açıkladı.
AZ	A2Z Cust2Mate Solutions Corp. yeni yatırım planını duyurdu.
MQ	MQ yeni yatırım planını duyurdu.
COEP	COEP hisseleri yükseldi.
CMPR	Cimpress plc bilançosunu açıkladı.
DOGUB	DO?USAN BORU SANAY?? VE T?CARET A.?. bilançosunu açıkladı.
VRSK	Verisk Analytics, Inc. bugün yatırımcıların odağında.
EFSI	Eagle Financial Services Inc yeni yatırım planını duyurdu.
BWEN	Broadwind, Inc. bilançosunu açıkladı.
VSAT	ViaSat, Inc. bilançosunu açıkladı.
SFNC	Simmons First National Corporation hisseleri yükseldi.
CCB	CCB bugün yatırımcıların odağında.
BANF	BANF bilançosunu açıkladı.
PGC	PGC yeni yatırım planını duyurdu.
CZFS	CZFS bilançosunu açıkladı.
PASEU	PAS?F?K EURAS?A LOJ?ST?K DI? T?CARET A.?. bilançosunu açıkladı.
AFYA	Afya Limited yeni yatırım planını duyurdu.
MSGY	Masonglory Limited yeni yatırım planını duyurdu.
TTRX	TTRX hisseleri yükseldi.
AURA	Aura Biosciences, Inc. yeni yatırım planını duyurdu.
FEED	ENvue Medical, Inc. yeni yatırım planını duyurdu.
NETAS	Netaş ag altyapi tarafindaki yeni ihalelerle izlendi
PCAR	PCAR yeni yatırım planını duyurdu.
HLGYO	HALK GAYR?MENKUL YATIRIM ORTAKLI?I A.?. bilançosunu açıkladı.
SCZM	SCZM bilançosunu açıkladı.
QNBFB	QNBFB bilançosunu açıkladı.
TLRY	TLRY bugün yatırımcıların odağında.
MARA	MARA Holdings, Inc. bugün yatırımcıların odağında.
ATHR	Aether Holdings, Inc. yeni yatırım planını duyurdu.
FTCI	FTC Solar, Inc. bugün yatırımcıların odağında.
TRVI	Trevi Therapeutics, Inc. yeni yatırım planını duyurdu.
ALRM	Alarm.com Holdings, Inc. bugün yatırımcıların odağında.
KONYA	KONYA Ç?MENTO SANAY?? A.?. hisseleri yükseldi.
SUIG	SUIG hisseleri yükseldi.
CIIT	Tianci International, Inc. bugün yatırımcıların odağında.
MGROS	MGROS taze gida ve online kanalda buyume yakaladi
CTW	CTW bugün yatırımcıların odağında.
CAKE	The Cheesecake Factory Incorporated bilançosunu açıkladı.
LECO	LECO bugün yatırımcıların odağında.
AKFGY	AKFEN GAYR?MENKUL YATIRIM ORTAKLI?I A.?. hisseleri yükseldi.
MRCY	MRCY bugün yatırımcıların odağında.
ASELS	Aselsan yurt disi musteriyle yeni savunma sozlesmesi imzaladi
CABA	CABA hisseleri yükseldi.
CARE	Carter Bankshares, Inc. hisseleri yükseldi.
GLSI	Greenwich LifeSciences, Inc. yeni yatırım planını duyurdu.
COFFEE	Coffee bugün yatırımcıların odağında.
AIRS	AirSculpt Technologies, Inc. hisseleri yükseldi.
LXRX	LXRX hisseleri yükseldi.
BRAG	Bragg Gaming Group Inc. bugün yatırımcıların odağında.
OPRT	OPRT bugün yatırımcıların odağında.
EREGL	Eregli Demir Celik ic piyasadaki talep canlanmasini olumlu karsiladi
ZS	Zscaler, Inc. bilançosunu açıkladı.
NMRK	NMRK hisseleri yükseldi.
BUUU	BUUU yeni yatırım planını duyurdu.
WEN	WEN bugün yatırımcıların odağında.
NYAX	NYAX hisseleri yükseldi.
BZAI	Blaize Holdings, Inc. hisseleri yükseldi.
SOTK	SOTK bilançosunu açıkladı.
GABC	GABC yeni yatırım planını duyurdu.
VERUS	VERUS yeni yatırım planını duyurdu.
NWBI	NWBI bilançosunu açıkladı.
TLS	TLS yeni yatırım planını duyurdu.
ACAD	ACAD yeni yatırım planını duyurdu.
VACH	VACH yeni yatırım planını duyurdu.
TMC	TMC hisseleri yükseldi.
TTD	TTD yeni yatırım planını duyurdu.
BTC	Bitcoin kurumsal alim beklentileriyle yeniden guc kazandi
GLNG	Golar LNG Limited bugün yatırımcıların odağında.
PDLB	PDLB yeni yatırım planını duyurdu.
BLKB	BLKB bilançosunu açıkladı.
COHU	Cohu, Inc. bilançosunu açıkladı.
CGTL	Creative Global Technology Holdings Limited bugün yatırımcıların odağında.
GSAT	GSAT yeni yatırım planını duyurdu.
SRAD	Sportradar Group AG bugün yatırımcıların odağında.
KLTR	Kaltura, Inc. yeni yatırım planını duyurdu.
NMTC	NMTC bugün yatırımcıların odağında.
UONEK	UONEK bugün yatırımcıların odağında.
PEBO	PEBO bilançosunu açıkladı.
CCTG	CCTG bugün yatırımcıların odağında.
ANAB	AnaptysBio, Inc. bugün yatırımcıların odağında.
IPCX	Inflection Point Acquisition Corp. III bilançosunu açıkladı.
VCIG	VCI Global Limited bugün yatırımcıların odağında.
FLD	FLD bilançosunu açıkladı.
TSBK	Timberland Bancorp, Inc. yeni yatırım planını duyurdu.
YYAPI	YE??L YAPI ENDÜSTR?S? A.?. yeni yatırım planını duyurdu.
FEAM	FEAM bilançosunu açıkladı.
HKIT	Hitek Global Inc. bilançosunu açıkladı.
ACRS	Aclaris Therapeutics, Inc. hisseleri yükseldi.
SLDE	SLDE bilançosunu açıkladı.
EKGYO	Emlak Konut proje teslim takvimiyle yatirimcilarin radarinda
GDRX	GDRX hisseleri yükseldi.
CMPS	COMPASS Pathways Plc hisseleri yükseldi.
RYOJ	RYOJ bilançosunu açıkladı.
DVLT	DVLT bugün yatırımcıların odağında.
META	Meta Platforms, Inc. bilançosunu açıkladı.
DBGI	Digital Brands Group, Inc. hisseleri yükseldi.
ALIS	Calisa Acquisition Corp bugün yatırımcıların odağında.
APGE	APGE bugün yatırımcıların odağında.
NVCR	NVCR yeni yatırım planını duyurdu.
LIFE	LIFE bugün yatırımcıların odağında.
GANX	Gain Therapeutics, Inc. bugün yatırımcıların odağında.
RRR	RRR yeni yatırım planını duyurdu.
VAKBN	Vakıfbank tahsilat performansindaki toparlanmayla guc kazandi
RFIL	RFIL bilançosunu açıkladı.
FFAI	Faraday Future Intelligent Electric Inc. hisseleri yükseldi.
INSM	INSM bilançosunu açıkladı.
KAPLM	KAPLM yeni yatırım planını duyurdu.
APP	Here’s What Argus Research Thinks About ​AppLovin (APP)
SAIC	Science Applications International Corporation bilançosunu açıkladı.
BIOX	BIOX bilançosunu açıkladı.
GLXG	Galaxy Payroll Group Limited bilançosunu açıkladı.
ACIC	ACIC yeni yatırım planını duyurdu.
GTLB	GitLab Inc. bilançosunu açıkladı.
ESLT	ESLT yeni yatırım planını duyurdu.
VANGD	VANET GIDA SANAY? ?Ç VE DI? T?CARET A.?. hisseleri yükseldi.
INTZ	Intrusion Inc. bugün yatırımcıların odağında.
CRFSA	CARREFOURSA CARREFOUR SABANCI T?CARET MERKEZ? A.?. yeni yatırım planını duyurdu.
LVO	LVO hisseleri yükseldi.
ULUFA	ULUSAL FAKTOR?NG A.?. hisseleri yükseldi.
RNA	RNA bilançosunu açıkladı.
CMTL	Comtech Telecommunications Corp. bugün yatırımcıların odağında.
AEHL	Antelope Enterprise Holdings Limited yeni yatırım planını duyurdu.
SGLY	SGLY bilançosunu açıkladı.
KRAQ	KRAQ bilançosunu açıkladı.
SKYT	SkyWater Technology, Inc. yeni yatırım planını duyurdu.
BSET	Bassett Furniture Industries, Incorporated hisseleri yükseldi.
PRPL	Purple Innovation, Inc. bilançosunu açıkladı.
BSOKE	BATISOKE SOKE C?MENTO SANAY?? T.A.?. bugün yatırımcıların odağında.
DOHOL	DOHOL bugün yatırımcıların odağında.
KCHOL	KCHOL istirak performansiyla holdingler arasinda pozitif ayrisiyor
ILMN	ILMN yeni yatırım planını duyurdu.
IART	IART hisseleri yükseldi.
COYA	COYA yeni yatırım planını duyurdu.
CODA	CODA bilançosunu açıkladı.
BRKR	Bruker Corporation yeni yatırım planını duyurdu.
VLY	VLY bilançosunu açıkladı.
ATEX	Anterix Inc. hisseleri yükseldi.
ALTS	ALTS bugün yatırımcıların odağında.
LMAT	LMAT bilançosunu açıkladı.
PODC	PodcastOne, Inc. hisseleri yükseldi.
NTWO	NTWO bugün yatırımcıların odağında.
EVGO	EVgo Inc. bilançosunu açıkladı.
IMSR	IMSR yeni yatırım planını duyurdu.
ARXS	ARXS yeni yatırım planını duyurdu.
ETILR	ETILR hisseleri yükseldi.
SAMG	Silvercrest Asset Management Group Inc. yeni yatırım planını duyurdu.
TLMAN	TLMAN yeni yatırım planını duyurdu.
HWBK	Hawthorn Bancshares, Inc. hisseleri yükseldi.
OCC	Optical Cable Corporation hisseleri yükseldi.
EPSN	EPSN bilançosunu açıkladı.
GRNQ	Greenpro Capital Corp. hisseleri yükseldi.
TOASO	TOFA? TÜRK OTOMOB?L FABR?KASI A.?. hisseleri yükseldi.
IPGP	IPGP bilançosunu açıkladı.
APVO	Aptevo Therapeutics Inc. hisseleri yükseldi.
UK	UK targets illegal crypto trading in London crackdown - Yahoo Finance
TROO	TROOPS, Inc. hisseleri yükseldi.
ACOG	Alpha Cognition Inc. bilançosunu açıkladı.
DERM	Journey Medical Corporation bilançosunu açıkladı.
BURVA	BURCEL?K VANA SANAY? VE T?CARET A.?. yeni yatırım planını duyurdu.
AKENR	AKENERJ? ELEKTR?K ÜRET?M A.?. yeni yatırım planını duyurdu.
AACB	Artius II Acquisition Inc. yeni yatırım planını duyurdu.
HNVR	Hanover Bancorp, Inc. bilançosunu açıkladı.
MMTX	Miluna Acquisition Corp yeni yatırım planını duyurdu.
CLGN	CollPlant Biotechnologies Ltd. bilançosunu açıkladı.
POLE	Andretti Acquisition Corp. II hisseleri yükseldi.
ALDF	Aldel Financial II Inc. bilançosunu açıkladı.
ALKIM	ALK?M ALKAL? K?MYA A.?. hisseleri yükseldi.
YDKG	YDKG hisseleri yükseldi.
ICBCT	ICBCT bilançosunu açıkladı.
AMOD	Alpha Modus Holdings, Inc. hisseleri yükseldi.
MEGL	Magic Empire Global Limited bilançosunu açıkladı.
ALNY	ALNY yeni yatırım planını duyurdu.
SLM	SLM bugün yatırımcıların odağında.
IMMX	Immix Biopharma, Inc. bugün yatırımcıların odağında.
GAIN	GAIN hisseleri yükseldi.
GPAT	GPAT bugün yatırımcıların odağında.
NETAS	Netaş kamu projeleriyle yeni donemde gelir artisi hedefliyor
BTM	Bitcoin Depot Inc. hisseleri yükseldi.
ARCI	Archimedes Tech SPAC Partners III Co. yeni yatırım planını duyurdu.
PASG	PASG bilançosunu açıkladı.
AGNC	AGNC bugün yatırımcıların odağında.
BRKSN	BERKOSAN YALITIM VE TECR?T MADDELER? URET?M VE T?CARET A.?. hisseleri yükseldi.
HIVE	HIVE Digital Technologies Ltd yeni yatırım planını duyurdu.
MAKIM	MAKIM bugün yatırımcıların odağında.
SPHL	SPHL hisseleri yükseldi.
ASPC	ASPC bugün yatırımcıların odağında.
OKTA	OKTA bilançosunu açıkladı.
ARCLK	Arcelik yeni donemde maliyet yonetimine odaklaniyor
MSLE	Satellos Bioscience Inc. yeni yatırım planını duyurdu.
TERA	TERA YATIRIM MENKUL DE?ERLER A.?. bilançosunu açıkladı.
DPRO	Draganfly Inc. bugün yatırımcıların odağında.
BAYRK	BAYRAK EBT TABAN SANAY? VE T?CARET A.?. bilançosunu açıkladı.
CYRX	CryoPort, Inc. bilançosunu açıkladı.
KLRS	KLRS bugün yatırımcıların odağında.
WHEAT	Wheat fiyatları geriledi.
RLYB	Rallybio Corporation hisseleri yükseldi.
NYXH	NYXH bilançosunu açıkladı.
CAQ	Cambridge Acquisition Corp. bugün yatırımcıların odağında.
BON	BON hisseleri yükseldi.
IACO	Idea Acquisition Corp. yeni yatırım planını duyurdu.
ZBAI	ZBAI bilançosunu açıkladı.
IMNM	Immunome, Inc. bilançosunu açıkladı.
ACXP	ACXP hisseleri yükseldi.
ICCC	ImmuCell Corporation yeni yatırım planını duyurdu.
AUBN	Auburn National Bancorporation, Inc. bilançosunu açıkladı.
TKFEN	TEKFEN HOLD?NG A.?. hisseleri yükseldi.
MANH	Manhattan Associates, Inc. yeni yatırım planını duyurdu.
FWDI	Forward Industries, Inc. bilançosunu açıkladı.
ALLR	ALLR bugün yatırımcıların odağında.
RUN	Sunrun Inc. bugün yatırımcıların odağında.
ANDE	The Andersons, Inc. bugün yatırımcıların odağında.
RPID	Rapid Micro Biosystems, Inc. yeni yatırım planını duyurdu.
BIMAS	BIMAS sepet buyuklugundeki artisla satis momentumunu koruyor
VUZI	Vuzix Corporation bilançosunu açıkladı.
MDIA	Mediaco Holding Inc. bilançosunu açıkladı.
CYTK	Cytokinetics, Incorporated hisseleri yükseldi.
ACAA	ACAA bugün yatırımcıların odağında.
RAIL	Freightcar America, Inc. hisseleri yükseldi.
IZENR	?ZDEM?R ENERJ? ELEKTR?K ÜRET?M A.?. bilançosunu açıkladı.
KALA	KALA BIO, Inc. bilançosunu açıkladı.
STLD	STLD bugün yatırımcıların odağında.
KRYS	KRYS bugün yatırımcıların odağında.
NETAS	NETAS savunma ve kamu tarafindaki projelerden gelir bekliyor
NXST	NXST bugün yatırımcıların odağında.
CHR	Cheer Holding, Inc. bilançosunu açıkladı.
WETH	Wetouch Technology Inc. yeni yatırım planını duyurdu.
SLS	SELLAS Life Sciences Group, Inc. bugün yatırımcıların odağında.
ISDMR	?SKENDERUN DEM?R VE CEL?K A.?. hisseleri yükseldi.
CNTY	Century Casinos, Inc. bugün yatırımcıların odağında.
MPWR	Monolithic Power Systems, Inc. yeni yatırım planını duyurdu.
SHOP	Can Shopify Inc. (SHOP) Double in the Next 5 Years?
SXTP	60 Degrees Pharmaceuticals, Inc. yeni yatırım planını duyurdu.
MPLT	MPLT bugün yatırımcıların odağında.
VNME	Vendome Acquisition Corporation I bugün yatırımcıların odağında.
FATN	FatPipe, Inc. yeni yatırım planını duyurdu.
ATLO	Ames National Corporation bugün yatırımcıların odağında.
BYSI	BeyondSpring, Inc. hisseleri yükseldi.
OLOX	Olenox Industries Inc. yeni yatırım planını duyurdu.
INDB	Independent Bank Corp. yeni yatırım planını duyurdu.
GARAN	Garanti BBVA dijital musteri sayisinda yeni esige yaklasti
TTRAK	TTRAK bilançosunu açıkladı.
BIMAS	BİM yeni magaza acilislarini planlandigi sekilde surduruyor
MEPET	MEPET bilançosunu açıkladı.
GEREL	GEREL bugün yatırımcıların odağında.
ASTC	ASTC bugün yatırımcıların odağında.
VIX	Volatility Index bugün yatırımcıların odağında.
HOVR	HOVR yeni yatırım planını duyurdu.
KE	Kimball Electronics, Inc. yeni yatırım planını duyurdu.
PEKGY	PEKGY bugün yatırımcıların odağında.
MSBI	Midland States Bancorp, Inc. hisseleri yükseldi.
MYFW	MYFW bilançosunu açıkladı.
FULT	FULT hisseleri yükseldi.
CIMSA	Ç?MSA Ç?MENTO SANAY? VE T?CARET A.?. hisseleri yükseldi.
HVMC	HVMC yeni yatırım planını duyurdu.
FRSH	FRSH bugün yatırımcıların odağında.
XBIT	XBiotech Inc. bilançosunu açıkladı.
KLIC	Kulicke and Soffa Industries, Inc. yeni yatırım planını duyurdu.
BEYAZ	BEYAZ F?LO OTO K?RALAMA A.?. bilançosunu açıkladı.
CTXR	Citius Pharmaceuticals, Inc. yeni yatırım planını duyurdu.
FMIZP	FEDERAL-MOGUL ?ZM?T P?STON VE P?M ÜRET?M TES?SLER? A.?. yeni yatırım planını duyurdu.
THYAO	THY uzun menzilli filo planlamasinda yeni adimlar atiyor
FLYW	FLYW bilançosunu açıkladı.
EDIT	EDIT yeni yatırım planını duyurdu.
NPAC	NPAC bilançosunu açıkladı.
AVIR	AVIR bilançosunu açıkladı.
RR	Richtech Robotics Inc. bilançosunu açıkladı.
PRVA	Privia Health Group, Inc. hisseleri yükseldi.
PFAI	Pinnacle Food Group Limited hisseleri yükseldi.
LYTS	LSI Industries Inc. hisseleri yükseldi.
FRST	Primis Financial Corp. bilançosunu açıkladı.
LESL	LESL yeni yatırım planını duyurdu.
GUTS	GUTS bilançosunu açıkladı.
PRE	PRE bugün yatırımcıların odağında.
CELHA	CEL?K HALAT VE TEL SANAY?? A.?. hisseleri yükseldi.
SHOO	SHOO yeni yatırım planını duyurdu.
KATMR	KATMERC?LER ARAÇ ÜSTÜ EK?PMAN SANAY? VE T?CARET A.?. bugün yatırımcıların odağında.
EMNIS	EM?N?? AMBALAJ SANAY? VE T?CARET A.?. bilançosunu açıkladı.
INBS	Intelligent Bio Solutions Inc. bilançosunu açıkladı.
KELYB	Kelly Services, Inc. bugün yatırımcıların odağında.
STOK	STOK yeni yatırım planını duyurdu.
HXHX	Haoxin Holdings Limited yeni yatırım planını duyurdu.
RVSB	Riverview Bancorp Inc bilançosunu açıkladı.
CIVB	CIVB bugün yatırımcıların odağında.
LBRDK	LBRDK bilançosunu açıkladı.
GOLD	GOLD fiyatları yükselişe geçti.
SKYQ	SKYQ bilançosunu açıkladı.
FA	First Advantage Corporation bilançosunu açıkladı.
STIM	Neuronetics, Inc. hisseleri yükseldi.
RDIB	RDIB hisseleri yükseldi.
OMSE	OMS Energy Technologies Inc. bilançosunu açıkladı.
VERTU	VERTU bugün yatırımcıların odağında.
QUBT	Quantum Computing Inc. bilançosunu açıkladı.
CHEF	CHEF hisseleri yükseldi.
SNPAM	SNPAM bugün yatırımcıların odağında.
PCYO	Pure Cycle Corporation yeni yatırım planını duyurdu.
CVRX	CVRX hisseleri yükseldi.
SUNE	SUNation Energy, Inc. bugün yatırımcıların odağında.
DERIM	DER?MOD KONFEKS?YON AYAKKABI DER? SANAY? VE T?CARET A.?. yeni yatırım planını duyurdu.
ZDAI	ZDAI bugün yatırımcıların odağında.
ENJSA	Enerjisa tahsilat tarafindaki guclu gorunumle izleniyor
GOOG	Google puts AI agents at heart of its enterprise money-making push
LFST	LifeStance Health Group, Inc. bilançosunu açıkladı.
GLOO	Gloo Holdings, Inc. hisseleri yükseldi.
PAYS	PAYS bilançosunu açıkladı.
GBPUSD	British Pound / US Dollar bugün yatırımcıların odağında.
IMRX	Immuneering Corporation bugün yatırımcıların odağında.
RILY	BRC Group Holdings, Inc. hisseleri yükseldi.
NWTG	NWTG bilançosunu açıkladı.
BWMN	Bowman Consulting Group Ltd. hisseleri yükseldi.
FNWB	FNWB bugün yatırımcıların odağında.
DJCO	Daily Journal Corp. (S.C.) yeni yatırım planını duyurdu.
UTSI	UTStarcom Holdings Corp yeni yatırım planını duyurdu.
ATSYH	ATSYH yeni yatırım planını duyurdu.
KONTR	KONTROLMAT?K TEKNOLOJ? ENERJ? VE MUHEND?SL?K A.?. bilançosunu açıkladı.
FTEK	Fuel Tech, Inc. yeni yatırım planını duyurdu.
CENN	CENN yeni yatırım planını duyurdu.
SEAT	Vivid Seats Inc. yeni yatırım planını duyurdu.
MASI	Masimo Corporation bugün yatırımcıların odağında.
CTSH	Cognizant Technology Solutions Corporation bugün yatırımcıların odağında.
ELOG	ELOG bugün yatırımcıların odağında.
FWRD	Forward Air Corporation bilançosunu açıkladı.
CSGP	CSGP bugün yatırımcıların odağında.
UFPI	UFP Industries, Inc. hisseleri yükseldi.
IPDN	IPDN hisseleri yükseldi.
FGBI	FGBI bugün yatırımcıların odağında.
MRSHL	MRSHL bugün yatırımcıların odağında.
GRDX	GridAI Technologies Corp. bilançosunu açıkladı.
SWIM	Latham Group, Inc. bugün yatırımcıların odağında.
ALMAD	ALMAD hisseleri yükseldi.
NVTS	Navitas Semiconductor Corporation bilançosunu açıkladı.
IOSP	IOSP hisseleri yükseldi.
GBPTRY	GBPTRY bugün yatırımcıların odağında.
SAFX	XCF Global, Inc. bugün yatırımcıların odağında.
AVOD	AVOD bugün yatırımcıların odağında.
TDWD	Tailwind 2.0 Acquisition Corp. hisseleri yükseldi.
SEER	Seer, Inc. yeni yatırım planını duyurdu.
FRMI	FRMI hisseleri yükseldi.
OFIX	Orthofix Medical Inc. hisseleri yükseldi.
EQIX	EQIX bilançosunu açıkladı.
JCTC	Jewett-Cameron Trading Company bugün yatırımcıların odağında.
TRSG	TRSG hisseleri yükseldi.
QCLS	Q/C Technologies, Inc. bugün yatırımcıların odağında.
HCTI	HCTI bugün yatırımcıların odağında.
ERNA	Ernexa Therapeutics Inc. yeni yatırım planını duyurdu.
ASTOR	ASTOR bugün yatırımcıların odağında.
AKBNK	Akbank hisseleri yükseldi.
PTGX	PTGX bugün yatırımcıların odağında.
HSCS	HeartSciences Inc. yeni yatırım planını duyurdu.
CINF	Cincinnati Financial Corporation bugün yatırımcıların odağında.
PARK	PARK hisseleri yükseldi.
DAAQ	Digital Asset Acquisition Corp. yeni yatırım planını duyurdu.
COST	COST yeni yatırım planını duyurdu.
ARBB	ARBB bugün yatırımcıların odağında.
CASS	Cass Information Systems, Inc bugün yatırımcıların odağında.
VMD	Viemed Healthcare, Inc. bugün yatırımcıların odağında.
SNDK	Sandisk Corporation bugün yatırımcıların odağında.
RSSS	Research Solutions, Inc bilançosunu açıkladı.
ZUMZ	ZUMZ yeni yatırım planını duyurdu.
BRID	Bridgford Foods Corporation bugün yatırımcıların odağında.
ENLV	Enlivex Ltd. bilançosunu açıkladı.
CAI	CAI yeni yatırım planını duyurdu.
EREGL	Eregli Demir Celik ihracat pazarindaki toparlanmadan olumlu etkileniyor
MELI	MELI bilançosunu açıkladı.
SEIC	SEI Investments Company bilançosunu açıkladı.
NMP	NMP Acquisition Corp. bilançosunu açıkladı.
FELE	Franklin Electric Co., Inc. bilançosunu açıkladı.
BOSC	BOSC bugün yatırımcıların odağında.
CMND	Clearmind Medicine Inc. hisseleri yükseldi.
TIPT	Tiptree Inc. bugün yatırımcıların odağında.
GYRO	GYRO hisseleri yükseldi.
SLNG	Stabilis Solutions, Inc. yeni yatırım planını duyurdu.
KFII	K&F Growth Acquisition Corp. II hisseleri yükseldi.
VIRC	VIRC yeni yatırım planını duyurdu.
METUR	METUR bilançosunu açıkladı.
AVO	AVO bugün yatırımcıların odağında.
VERX	Vertex, Inc. yeni yatırım planını duyurdu.
SYRE	Spyre Therapeutics, Inc. bugün yatırımcıların odağında.
STTK	STTK bugün yatırımcıların odağında.
TTKOM	Türk Telekom sabit internet abone kazanimi ile izleniyor
CBRL	CBRL bugün yatırımcıların odağında.
MBUU	Malibu Boats, Inc. hisseleri yükseldi.
GTM	ZoomInfo Technologies Inc. bugün yatırımcıların odağında.
BENF	Beneficient hisseleri yükseldi.
JEM	707 Cayman Holdings Limited bilançosunu açıkladı.
CCIX	CCIX bilançosunu açıkladı.
CENT	Central Garden & Pet Company yeni yatırım planını duyurdu.
FFBC	First Financial Bancorp. bugün yatırımcıların odağında.
ELE	ELE bugün yatırımcıların odağında.
HWC	HWC bilançosunu açıkladı.
IPSC	IPSC bugün yatırımcıların odağında.
CAC40	CAC 40 (France) bugün yatırımcıların odağında.
TIGO	Millicom International Cellular S.A. bilançosunu açıkladı.
CALM	Cal-Maine Foods, Inc. yeni yatırım planını duyurdu.
BELFA	BELFA yeni yatırım planını duyurdu.
SFD	SFD yeni yatırım planını duyurdu.
ABEO	Abeona Therapeutics Inc. bugün yatırımcıların odağında.
DRS	Leonardo DRS, Inc. bugün yatırımcıların odağında.
MOBTL	MOBTL yeni yatırım planını duyurdu.
NKSH	NKSH bilançosunu açıkladı.
CMCSA	Comcast Corporation bilançosunu açıkladı.
NATEN	NATUREL YEN?LENEB?L?R ENERJ? T?CARET A.?. hisseleri yükseldi.
RKDA	Arcadia Biosciences, Inc. yeni yatırım planını duyurdu.
LPLA	LPL Financial Holdings Inc. bilançosunu açıkladı.
HTZ	Hertz Global Holdings, Inc yeni yatırım planını duyurdu.
EGBN	Eagle Bancorp, Inc. bugün yatırımcıların odağında.
GDC	GDC bilançosunu açıkladı.
BHST	BHST bugün yatırımcıların odağında.
TZOO	TZOO yeni yatırım planını duyurdu.
AWRE	AWRE yeni yatırım planını duyurdu.
GMR	Inveo Portfoy Ikinci Hisse Senedi Fonu bugün yatırımcıların odağında.
CNTX	Context Therapeutics Inc. yeni yatırım planını duyurdu.
PTON	PTON bilançosunu açıkladı.
SVRN	SVRN yeni yatırım planını duyurdu.
CHCI	Comstock Holding Companies, Inc. bilançosunu açıkladı.
NWSA	News Corporation hisseleri yükseldi.
CLIK	CLIK bugün yatırımcıların odağında.
CZR	Caesars Entertainment, Inc. bilançosunu açıkladı.
AIFU	AIFU Inc. bugün yatırımcıların odağında.
CAPS	Capstone Holding Corp. bugün yatırımcıların odağında.
ASRT	ASRT bugün yatırımcıların odağında.
WSHP	WSHP yeni yatırım planını duyurdu.
ONEG	ONEG yeni yatırım planını duyurdu.
NNOX	NANO-X IMAGING LTD bilançosunu açıkladı.
BMGL	BMGL bilançosunu açıkladı.
PRPO	PRPO bilançosunu açıkladı.
SKYW	SkyWest, Inc. yeni yatırım planını duyurdu.
KTWO	KTWO hisseleri yükseldi.
BRAI	BRAI bugün yatırımcıların odağında.
COOT	COOT hisseleri yükseldi.
EYGYO	EYG GAYR?MENKUL YATIRIM ORTAKLI?I A.?. yeni yatırım planını duyurdu.
SGRY	SGRY bugün yatırımcıların odağında.
AMKR	AMKR bilançosunu açıkladı.
LIXT	LIXT yeni yatırım planını duyurdu.
QURE	uniQure N.V. bugün yatırımcıların odağında.
FATE	Fate Therapeutics, Inc. hisseleri yükseldi.
GLRE	GLRE yeni yatırım planını duyurdu.
XFOR	XFOR hisseleri yükseldi.
CUSAN	ÇUHADARO?LU METAL SANAY? VE PAZARLAMA A.?. bilançosunu açıkladı.
PLMK	Plum Acquisition Corp. IV yeni yatırım planını duyurdu.
AKBNK	Akbank'ın AI for Good Türkiye programını kazanan girişim açıklandı - Anadolu Ajansı
NOEM	CO2 Energy Transition Corp. hisseleri yükseldi.
INCR	INCR bilançosunu açıkladı.
ASTH	Astrana Health Inc. yeni yatırım planını duyurdu.
ALPS	ALPS bilançosunu açıkladı.
FRME	First Merchants Corporation yeni yatırım planını duyurdu.
WBUY	WBUY yeni yatırım planını duyurdu.
BRKO	B?RKO B?RLE??K KOYUNLULULAR MENSUCAT T?CARET VE SANAY? A.?. bilançosunu açıkladı.
GSIW	GSIW yeni yatırım planını duyurdu.
PMVP	PMVP bugün yatırımcıların odağında.
QLYS	QLYS yeni yatırım planını duyurdu.
JVA	Coffee Holding Co., Inc. hisseleri yükseldi.
DRMA	DRMA bilançosunu açıkladı.
CVKMD	CVK MADEN ??LETMELER? SANAY? VE T?CARET A.?. yeni yatırım planını duyurdu.
KSPI	Joint Stock Company Kaspi.kz bilançosunu açıkladı.
COLM	COLM yeni yatırım planını duyurdu.
CPRX	Catalyst Pharmaceuticals, Inc. bilançosunu açıkladı.
YIBO	YIBO hisseleri yükseldi.
MOVE	Corvex, Inc. bilançosunu açıkladı.
NXGL	NXGL hisseleri yükseldi.
BIXI	Bitcoin Infrastructure Acquisition Corp Ltd. bilançosunu açıkladı.
GNSS	GNSS hisseleri yükseldi.
AEMD	Aethlon Medical, Inc. hisseleri yükseldi.
BSY	Bentley Systems, Incorporated yeni yatırım planını duyurdu.
PGSUS	Pegasus Hava Yolları bugün yatırımcıların odağında.
DEVA	DEVA hisseleri yükseldi.
FXNC	FXNC hisseleri yükseldi.
HNRG	HNRG hisseleri yükseldi.
RNGT	Range Capital Acquisition Corp II bugün yatırımcıların odağında.
HWH	HWH International Inc. bugün yatırımcıların odağında.
MKDW	MKDWELL Tech Inc. hisseleri yükseldi.
IHGZT	?HLAS GAZETEC?L?K A.?. hisseleri yükseldi.
OMDA	OMDA bugün yatırımcıların odağında.
PKOH	Park-Ohio Holdings Corp. bilançosunu açıkladı.
ZKP	ZKP yeni yatırım planını duyurdu.
FMAO	FMAO bilançosunu açıkladı.
AYDEM	AYDEM YEN?LENEB?L?R ENERJ? A.?. bugün yatırımcıların odağında.
ACNT	ACNT yeni yatırım planını duyurdu.
GGRP	GGRP bilançosunu açıkladı.
WGS	WGS hisseleri yükseldi.
PAAC	Proem Acquisition Corp I bugün yatırımcıların odağında.
CETY	Clean Energy Technologies, Inc. hisseleri yükseldi.
ADTX	Aditxt, Inc. bilançosunu açıkladı.
GTEC	GTEC bilançosunu açıkladı.
KMPUR	KMPUR bilançosunu açıkladı.
CRSR	CRSR yeni yatırım planını duyurdu.
TUPRS	TUPRS ic talep ve ihracat dengesiyle sektorunde pozitif ayrisiyor
AGMB	AgomAb Therapeutics NV bugün yatırımcıların odağında.
KARO	Karooooo Ltd. yeni yatırım planını duyurdu.
IGIC	IGIC bugün yatırımcıların odağında.
SELGD	SELGD bugün yatırımcıların odağında.
VSTD	Vestand Inc. yeni yatırım planını duyurdu.
WSFS	WSFS Financial Corporation bilançosunu açıkladı.
USDSAR	USD/SAR kuru yeni seviyeyi test etti.
OPEN	Opendoor Technologies Inc yeni yatırım planını duyurdu.
HCHL	HCHL yeni yatırım planını duyurdu.
DOMH	DOMH yeni yatırım planını duyurdu.
RMTI	Rockwell Medical, Inc. hisseleri yükseldi.
ADA	ADA bugün yatırımcıların odağında.
DWSN	DWSN bugün yatırımcıların odağında.
COPPER	Copper Wire & Cable Market by Insulation Type, Voltage Type, Installation, Application, End-use Industry, and Region - Forecast to 2032 - Yahoo Finance
LGIH	LGI Homes, Inc. bugün yatırımcıların odağında.
QS	QuantumScape Corporation yeni yatırım planını duyurdu.
SRCE	1st Source Corporation hisseleri yükseldi.
PPTA	PPTA bilançosunu açıkladı.
XBP	XBP yeni yatırım planını duyurdu.
DDI	DDI bilançosunu açıkladı.
NXPI	NXPI hisseleri yükseldi.
NGEN	NervGen Pharma Corp. hisseleri yükseldi.
OTTO	OTTO HOLD?NG A.?. yeni yatırım planını duyurdu.
DXCM	DexCom, Inc. yeni yatırım planını duyurdu.
OSW	OSW bilançosunu açıkladı.
CGEM	CGEM bilançosunu açıkladı.
SSII	SS Innovations International Inc. hisseleri yükseldi.
IPM	Intelligent Protection Management Corp. bilançosunu açıkladı.
KIDZ	KIDZ bilançosunu açıkladı.
RVYL	RVYL bugün yatırımcıların odağında.
NN	NN bilançosunu açıkladı.
CAC	CAC bilançosunu açıkladı.
FVAV	Fortress Value Acquisition Corp. V yeni yatırım planını duyurdu.
TBBK	TBBK yeni yatırım planını duyurdu.
DYOBY	DYO BOYA FABR?KALARI SANAY? VE T?CARET A.?. bugün yatırımcıların odağında.
SELF	Global Self Storage, Inc. bilançosunu açıkladı.
KRONT	KRON TEKNOLOJ? A.?. yeni yatırım planını duyurdu.
LBRX	LBRX bilançosunu açıkladı.
SKBNK	SKBNK hisseleri yükseldi.
OUST	OUST bilançosunu açıkladı.
RCMT	RCM Technologies, Inc. bugün yatırımcıların odağında.
CSTE	CSTE bilançosunu açıkladı.
DOKTA	DOKTA hisseleri yükseldi.
ACIW	ACI Worldwide, Inc. bilançosunu açıkladı.
CLSK	CleanSpark, Inc. bilançosunu açıkladı.
BRISA	BRISA bugün yatırımcıların odağında.
PNBK	Patriot National Bancorp Inc. hisseleri yükseldi.
TTKOM	TTKOM mobil ve sabit taraftaki capraz satisi artirdi
ABVC	ABVC yeni yatırım planını duyurdu.
SBUX	Starbucks Corporation yeni yatırım planını duyurdu.
ZTG	Zenta Group Company Limited yeni yatırım planını duyurdu.
CMII	CMII yeni yatırım planını duyurdu.
HTFL	HTFL hisseleri yükseldi.
AMPL	Amplitude, Inc. bilançosunu açıkladı.
AMCX	AMC Global Media Inc. yeni yatırım planını duyurdu.
KIDS	KIDS hisseleri yükseldi.
TNZTP	TAPD? OKS?JEN OZEL SA?LIK VE E??T?M H?ZMETLER? SANAY? T?CARET A.?. yeni yatırım planını duyurdu.
XXII	XXII yeni yatırım planını duyurdu.
PRME	Prime Medicine, Inc. bilançosunu açıkladı.
PGY	Pagaya Technologies Ltd. yeni yatırım planını duyurdu.
HCSG	Healthcare Services Group, Inc. bugün yatırımcıların odağında.
BFST	Business First Bancshares, Inc. bugün yatırımcıların odağında.
SNT	SNT hisseleri yükseldi.
CETX	Cemtrex Inc. hisseleri yükseldi.
IVDA	IVDA yeni yatırım planını duyurdu.
IDN	Intellicheck, Inc. bugün yatırımcıların odağında.
SMPL	SMPL yeni yatırım planını duyurdu.
BGIN	BGIN bugün yatırımcıların odağında.
TRON	Tron Inc. bugün yatırımcıların odağında.
CHRD	Chord Energy Corporation bilançosunu açıkladı.
CEMAS	ÇEMA? DÖKÜM SANAY? A.?. hisseleri yükseldi.
ETS	Elite Express Holding Inc. yeni yatırım planını duyurdu.
CRUS	Cirrus Logic, Inc. bilançosunu açıkladı.
ZTEK	Zentek Ltd. bugün yatırımcıların odağında.
GLPI	GLPI yeni yatırım planını duyurdu.
RECT	RECT bilançosunu açıkladı.
MACKO	MACKO bilançosunu açıkladı.
CCG	Cheche Group Inc. bugün yatırımcıların odağında.
DMRC	DMRC hisseleri yükseldi.
PAVS	Paranovus Entertainment Technology Ltd. hisseleri yükseldi.
PYPD	PolyPid Ltd. yeni yatırım planını duyurdu.
SNSE	Sensei Biotherapeutics, Inc. hisseleri yükseldi.
MIDD	The Middleby Corporation yeni yatırım planını duyurdu.
KUVVA	KUVVA hisseleri yükseldi.
IMMR	Immersion Corporation yeni yatırım planını duyurdu.
IVVD	Invivyd, Inc. bugün yatırımcıların odağında.
NEXN	NEXN hisseleri yükseldi.
ACTU	Actuate Therapeutics, Inc. hisseleri yükseldi.
BTBD	BT Brands, Inc. hisseleri yükseldi.
LRMR	Larimar Therapeutics, Inc. hisseleri yükseldi.
GARAN	GARAN dijital bankacilik kanalinda musteri kazanimi sagliyor
MWH	MWH bugün yatırımcıların odağında.
EMPD	EMPD hisseleri yükseldi.
ASYS	ASYS yeni yatırım planını duyurdu.
ULCC	Frontier Group Holdings, Inc. yeni yatırım planını duyurdu.
TMPOL	TMPOL bilançosunu açıkladı.
ICCM	ICCM bugün yatırımcıların odağında.
EKGYO	EKGYO on satis gelirlerindeki ivmeyle dikkat cekiyor
IMXI	International Money Express, Inc. hisseleri yükseldi.
CASH	Pathward Financial, Inc. yeni yatırım planını duyurdu.
RAYSG	RAY S?GORTA A.?. hisseleri yükseldi.
CURI	CURI bugün yatırımcıların odağında.
MFIN	MFIN bugün yatırımcıların odağında.
PALI	PALI hisseleri yükseldi.
ALTO	Alto Ingredients, Inc. yeni yatırım planını duyurdu.
UNTY	UNTY yeni yatırım planını duyurdu.
WLAC	Willow Lane Acquisition Corp. yeni yatırım planını duyurdu.
RNAZ	RNAZ hisseleri yükseldi.
TNYA	TNYA yeni yatırım planını duyurdu.
MGNX	MacroGenics, Inc. bugün yatırımcıların odağında.
LNAI	LNAI hisseleri yükseldi.
KRTEK	KARSU TEKST?L SANAY?? VE T?CARET A.?. hisseleri yükseldi.
DAGHL	DAGHL bilançosunu açıkladı.
NEXT	NextDecade Corporation hisseleri yükseldi.
FLXS	Flexsteel Industries, Inc. hisseleri yükseldi.
ARQQ	Arqit Quantum Inc. hisseleri yükseldi.
PULM	PULM yeni yatırım planını duyurdu.
FIP	FTAI Infrastructure Inc. bilançosunu açıkladı.
CHDN	CHDN hisseleri yükseldi.
EPRX	Eupraxia Pharmaceuticals Inc. hisseleri yükseldi.
DSWL	Deswell Industries, Inc. bugün yatırımcıların odağında.
ETOR	ETOR yeni yatırım planını duyurdu.
HCAI	HCAI yeni yatırım planını duyurdu.
BGC	BGC Group, Inc. bilançosunu açıkladı.
WTBA	West Bancorporation bilançosunu açıkladı.
TCD	TCD bugün yatırımcıların odağında.
MAMO	Massimo Group hisseleri yükseldi.
SGHT	Sight Sciences, Inc. bugün yatırımcıların odağında.
PFIS	PFIS bugün yatırımcıların odağında.
FLYE	FLYE hisseleri yükseldi.
FLNC	FLNC bugün yatırımcıların odağında.
LSBK	LSBK bilançosunu açıkladı.
DGXX	Digi Power X Inc. bilançosunu açıkladı.
GWAV	GWAV yeni yatırım planını duyurdu.
SILVER	How to invest in silver: A beginner's guide
SBFG	SB Financial Group, Inc. bilançosunu açıkladı.
BETR	Better Home & Finance Holding Company bilançosunu açıkladı.
ALGM	ALGM bilançosunu açıkladı.
TAVI	Tavia Acquisition Corp. bilançosunu açıkladı.
AAPL	Apple yeni yatırım planını duyurdu.
PCT	PCT yeni yatırım planını duyurdu.
VRRM	Verra Mobility Corporation bugün yatırımcıların odağında.
EZGO	EZGO Technologies Ltd. yeni yatırım planını duyurdu.
STFS	Star Fashion Culture Holdings Limited hisseleri yükseldi.
MGPI	MGP Ingredients, Inc. hisseleri yükseldi.
BNAI	Brand Engagement Network Inc. yeni yatırım planını duyurdu.
INAC	Indigo Acquisition Corp. bugün yatırımcıların odağında.
DFNS	DFNS bilançosunu açıkladı.
TUPRS	Tüpraş planli bakim takvimine ragmen marj performansini korudu
ARKR	ARKR bugün yatırımcıların odağında.
RPGL	RPGL bilançosunu açıkladı.
QUMS	Quantumsphere Acquisition Corp. bugün yatırımcıların odağında.
RBBN	Ribbon Communications Inc. bilançosunu açıkladı.
EU	EU yeni yatırım planını duyurdu.
MAAS	Maase Inc. bilançosunu açıkladı.
CEOEM	CEO EVENT MEDYA A.?. yeni yatırım planını duyurdu.
SKYE	Skye Bioscience, Inc. hisseleri yükseldi.
JANTS	JANTS yeni yatırım planını duyurdu.
IBIO	IBIO hisseleri yükseldi.
PLUG	Plug Power, Inc. bugün yatırımcıların odağında.
HEKTS	HEKTA? T?CARET T.A.?. bilançosunu açıkladı.
IRWD	IRWD bilançosunu açıkladı.
CNTB	Connect Biopharma Holdings Limited yeni yatırım planını duyurdu.
EQ	EQ bilançosunu açıkladı.
FERA	FERA bilançosunu açıkladı.
UNLU	UNLU YATIRIM HOLD?NG A.?. bilançosunu açıkladı.
TBCH	Turtle Beach Corporation bugün yatırımcıların odağında.
EH	EHang Holdings Limited hisseleri yükseldi.
PTLE	PTL LTD hisseleri yükseldi.
MBIN	MBIN hisseleri yükseldi.
MNTS	Momentus Inc. bugün yatırımcıların odağında.
EDSA	EDSA bugün yatırımcıların odağında.
KLNMA	KLNMA bilançosunu açıkladı.
ALLO	Allogene Therapeutics, Inc. hisseleri yükseldi.
SEV	SEV bugün yatırımcıların odağında.
FLNA	Filana Therapeutics, Inc. bugün yatırımcıların odağında.
FACT	FACT bilançosunu açıkladı.
BOKF	BOK Financial Corporation bilançosunu açıkladı.
BTC	Bitcoin jumps to $78,000 as Trump extends Iran ceasefire - Yahoo Finance
WYNN	WYNN bugün yatırımcıların odağında.
CVGW	Calavo Growers, Inc. hisseleri yükseldi.
ZEDUR	ZEDUR bugün yatırımcıların odağında.
LBTYK	Liberty Global Ltd. yeni yatırım planını duyurdu.
XBIO	XBIO bilançosunu açıkladı.
BARMA	BARMA bilançosunu açıkladı.
EJH	E-Home Household Service Holdings Limited bugün yatırımcıların odağında.
LSTR	Landstar System, Inc. bugün yatırımcıların odağında.
FTRK	FTRK yeni yatırım planını duyurdu.
MNDTR	MNDTR hisseleri yükseldi.
COLL	Collegium Pharmaceutical, Inc. bilançosunu açıkladı.
ADGM	Adagio Medical Holdings, Inc bilançosunu açıkladı.
HLMN	HLMN yeni yatırım planını duyurdu.
ICON	Icon Energy Corp. hisseleri yükseldi.
NMIH	NMIH hisseleri yükseldi.
TENB	Tenable Holdings, Inc. bilançosunu açıkladı.
AGEN	Agenus Inc. hisseleri yükseldi.
ARASE	DO?U ARAS ENERJ? YATIRIMLARI A.?. bugün yatırımcıların odağında.
NRXP	NRXP yeni yatırım planını duyurdu.
MIRM	Mirum Pharmaceuticals, Inc. bilançosunu açıkladı.
ABTC	American Bitcoin Corp. bugün yatırımcıların odağında.
JZXN	Jiuzi Holdings, Inc. hisseleri yükseldi.
QUCY	QUCY bugün yatırımcıların odağında.
PERI	Perion Network Ltd bugün yatırımcıların odağında.
BEEP	Mobile Infrastructure Corporation hisseleri yükseldi.
NIXX	Nixxy, Inc. hisseleri yükseldi.
SSM	SSM yeni yatırım planını duyurdu.
CTRN	Citi Trends, Inc. bugün yatırımcıların odağında.
KCHOL	KCHOL enerji yatirimlarindaki disiplinli dagilimla one cikiyor
CD	Chaince Digital Holdings Inc. yeni yatırım planını duyurdu.
UPLD	UPLD hisseleri yükseldi.
AEC	AEC yeni yatırım planını duyurdu.
SLDP	Solid Power, Inc. hisseleri yükseldi.
UPC	UPC hisseleri yükseldi.
WSC	WillScot Holdings Corporation yeni yatırım planını duyurdu.
ENTA	Enanta Pharmaceuticals, Inc. bilançosunu açıkladı.
TACT	TACT hisseleri yükseldi.
MRVL	MRVL hisseleri yükseldi.
KMB	KMB hisseleri yükseldi.
PDYN	PDYN yeni yatırım planını duyurdu.
NVCT	Nuvectis Pharma, Inc. bugün yatırımcıların odağında.
PTNM	PTNM bilançosunu açıkladı.
ENVX	ENVX bugün yatırımcıların odağında.
SSP	SSP bugün yatırımcıların odağında.
NEO	NEO bilançosunu açıkladı.
SRZN	Surrozen, Inc. bugün yatırımcıların odağında.
TVA	TVA bugün yatırımcıların odağında.
RLMD	RLMD yeni yatırım planını duyurdu.
LGCB	Linkage Global Inc bilançosunu açıkladı.
PXS	PXS yeni yatırım planını duyurdu.
SUNTK	SUNTK yeni yatırım planını duyurdu.
BLCYT	BLCYT bugün yatırımcıların odağında.
WBTN	WBTN bugün yatırımcıların odağında.
PENGD	PENGUEN GIDA SANAY? A.?. hisseleri yükseldi.
ADVB	Advanced Biomed Inc. bugün yatırımcıların odağında.
JATT	JATT II Acquisition Corp bilançosunu açıkladı.
SHMD	SHMD yeni yatırım planını duyurdu.
FDMT	FDMT yeni yatırım planını duyurdu.
ATCX	Atlas Critical Minerals Corporation bugün yatırımcıların odağında.
GARAN	Garanti BBVA komisyon gelirlerindeki artisla one cikiyor
FSUN	FirstSun Capital Bancorp yeni yatırım planını duyurdu.
ADESE	ADESE GAYR?MENKUL YATIRIM A.?. yeni yatırım planını duyurdu.
GV	GV hisseleri yükseldi.
OBASE	OBASE B?LG?SAYAR VE DANI?MANLIK H?ZMETLER? T?CARET A.?. yeni yatırım planını duyurdu.
NXTT	NXTT bilançosunu açıkladı.
SPWH	SPWH bugün yatırımcıların odağında.
DAIC	DAIC yeni yatırım planını duyurdu.
AZI	AZI bilançosunu açıkladı.
FCHL	Fitness Champs Holdings Limited bilançosunu açıkladı.
CGON	CG Oncology, Inc. yeni yatırım planını duyurdu.
YHC	LQR House Inc. hisseleri yükseldi.
WSBF	Waterstone Financial, Inc. bilançosunu açıkladı.
WINA	Winmark Corporation yeni yatırım planını duyurdu.
BLFS	BioLife Solutions, Inc. yeni yatırım planını duyurdu.
ONFO	Onfolio Holdings Inc. hisseleri yükseldi.
EMAT	Evolution Metals & Technologies Corp. hisseleri yükseldi.
FIVN	FIVN bilançosunu açıkladı.
MEDP	Medpace Holdings, Inc. hisseleri yükseldi.
MGROS	Migros online siparis buyumesiyle dikkat cekti
BRKVY	BRKVY bugün yatırımcıların odağında.
NEPH	NEPH bilançosunu açıkladı.
ATLC	ATLC hisseleri yükseldi.
IZEA	IZEA hisseleri yükseldi.
FSTR	FSTR hisseleri yükseldi.
MKTX	MKTX bilançosunu açıkladı.
CPBI	CPBI hisseleri yükseldi.
WRLD	World Acceptance Corporation hisseleri yükseldi.
MTC	MTC bugün yatırımcıların odağında.
FSLY	Fastly, Inc. bugün yatırımcıların odağında.
ITHA	ITHA hisseleri yükseldi.
VRCA	Verrica Pharmaceuticals Inc. bugün yatırımcıların odağında.
EZPW	EZPW hisseleri yükseldi.
AMAL	AMAL bilançosunu açıkladı.
HBAN	Huntington Bancshares Incorporated yeni yatırım planını duyurdu.
ERII	Energy Recovery, Inc. yeni yatırım planını duyurdu.
FBYD	Falcon's Beyond Global, Inc. bilançosunu açıkladı.
ALGS	Aligos Therapeutics, Inc. bugün yatırımcıların odağında.
WTW	Willis Towers Watson Public Limited Company bugün yatırımcıların odağında.
AARD	Aardvark Therapeutics, Inc. yeni yatırım planını duyurdu.
FCAP	FCAP bilançosunu açıkladı.
CPB	CPB bugün yatırımcıların odağında.
FTDR	FTDR bilançosunu açıkladı.
ARAI	Arrive AI Inc. yeni yatırım planını duyurdu.
ATATP	ATATP yeni yatırım planını duyurdu.
CCEP	Coca-Cola Europacific Partners plc bugün yatırımcıların odağında.
CRAQ	Cal Redwood Acquisition Corp. bilançosunu açıkladı.
ARVN	ARVN bugün yatırımcıların odağında.
BNZI	Banzai International, Inc. bilançosunu açıkladı.
WW	WW International, Inc. yeni yatırım planını duyurdu.
WDAY	Workday, Inc. bilançosunu açıkladı.
KLSYN	KLSYN bugün yatırımcıların odağında.
SVCC	SVCC hisseleri yükseldi.
MPARK	MPARK bilançosunu açıkladı.
TERN	Terns Pharmaceuticals, Inc. bugün yatırımcıların odağında.
WRAP	WRAP hisseleri yükseldi.
SIBN	SI-BONE, Inc. bugün yatırımcıların odağında.
IBAC	IBAC bilançosunu açıkladı.
BGLC	BioNexus Gene Lab Corp bugün yatırımcıların odağında.
ISRG	ISRG hisseleri yükseldi.
SAGT	SAGTEC GLOBAL LIMITED hisseleri yükseldi.
AFA	AFA bugün yatırımcıların odağında.
FOX	Fox Corporation bilançosunu açıkladı.
CXDO	CXDO bugün yatırımcıların odağında.
XU100	XU100 banka ve holding hisseleriyle gunu arti kapatti
CASA	CASA EMT?A PETROL K?MYEV? VE TÜREVLER? SANAY? T?CARET A.?. hisseleri yükseldi.
ARENA	ARENA B?LG?SAYAR SANAY? VE T?CARET A.?. bugün yatırımcıların odağında.
VECO	Veeco Instruments Inc. bugün yatırımcıların odağında.
KCHOL	Koç Holding otomotiv ve dayanikli tuketim tarafinda dengeli gorunum sergiliyor
HPK	HPK bilançosunu açıkladı.
COSMO	COSMO bugün yatırımcıların odağında.
XNCR	XNCR bilançosunu açıkladı.
SODSN	SODSN hisseleri yükseldi.
LOGO	LOGO tekrarlayan gelir payindaki artisla one cikiyor
PN	PN yeni yatırım planını duyurdu.
CRON	Cronos Group Inc. bilançosunu açıkladı.
HLP	HLP hisseleri yükseldi.
CEMTS	ÇEMTA? ÇEL?K MAK?NA SANAY? VE T?CARET A.?. hisseleri yükseldi.
PAYO	PAYO bugün yatırımcıların odağında.
AKBA	Akebia Therapeutics, Inc. yeni yatırım planını duyurdu.
SAHOL	Brisa Bridgestone Sabancı 1 milyar TL’lik tahvil ihracını tamamladı Yazar Investing.com - Investing.com Türkiye
ALOV	ALOV bugün yatırımcıların odağında.
CRNC	CRNC yeni yatırım planını duyurdu.
CRE	CRE bugün yatırımcıların odağında.
FIVE	FIVE hisseleri yükseldi.
NFBK	NFBK bugün yatırımcıların odağında.
NZDUSD	NZDUSD paritesinde oynaklık arttı.
RSVR	RSVR bugün yatırımcıların odağında.
VOXR	VOXR bugün yatırımcıların odağında.
A1CAP	A1CAP hisseleri yükseldi.
LOKV	LOKV hisseleri yükseldi.
SSTI	SSTI yeni yatırım planını duyurdu.
MBIO	MBIO hisseleri yükseldi.
PGSUS	PGSUS dis hat talebindeki canlanmayla gelir beklentilerini destekliyor
CDIO	Cardio Diagnostics Holdings Inc. bugün yatırımcıların odağında.
INVE	Identiv, Inc. yeni yatırım planını duyurdu.
DTIL	Precision BioSciences, Inc. bugün yatırımcıların odağında.
UMPAS	UMPAS bilançosunu açıkladı.
KORDS	KORDSA TEKN?K TEKST?L A.?. bilançosunu açıkladı.
VISN	VISN yeni yatırım planını duyurdu.
ADV	ADV hisseleri yükseldi.
HUT	HUT bugün yatırımcıların odağında.
TCELL	TCELL dijital servis gelirlerini toplam ciro icinde artiriyor
ANGO	ANGO bilançosunu açıkladı.
EREGL	EREGL ihracat siparislerindeki toparlanmayla one cikti
PROF	Profound Medical Corp. bilançosunu açıkladı.
ZJYL	ZJYL bilançosunu açıkladı.
BMRN	BioMarin Pharmaceutical Inc. bugün yatırımcıların odağında.
EREGL	EREGL slab ve yassi celik tarafindaki fiyatlamayi yakindan takip ediyor
DUOT	DUOT yeni yatırım planını duyurdu.
SIGI	SIGI hisseleri yükseldi.
HNST	The Honest Company, Inc. bilançosunu açıkladı.
LENZ	LENZ Therapeutics, Inc. bugün yatırımcıların odağında.
NRDS	NRDS bilançosunu açıkladı.
LKQ	LKQ Corporation hisseleri yükseldi.
BIENY	BIENY hisseleri yükseldi.
TDAC	TDAC bugün yatırımcıların odağında.
MMSI	Merit Medical Systems, Inc. bugün yatırımcıların odağında.
TRS	TRS yeni yatırım planını duyurdu.
PDEX	Pro-Dex, Inc. bugün yatırımcıların odağında.
ADAG	Adagene Inc. yeni yatırım planını duyurdu.
MTEK	MTEK bilançosunu açıkladı.
RELY	Remitly Global, Inc. yeni yatırım planını duyurdu.
MUZE	Muzero Acquisition Corp bugün yatırımcıların odağında.
KOPN	KOPN bilançosunu açıkladı.
VKING	VKING bilançosunu açıkladı.
NEXR	NEXR yeni yatırım planını duyurdu.
CSX	CSX bugün yatırımcıların odağında.
HCIC	Hennessy Capital Investment Corp. VIII hisseleri yükseldi.
ALRS	Alerus Financial Corporation bilançosunu açıkladı.
FRAF	Franklin Financial Services Corporation bilançosunu açıkladı.
NTGAZ	NATURELGAZ SANAY? VE T?CARET A.?. bilançosunu açıkladı.
STRR	STRR hisseleri yükseldi.
BRENT	Brent petrol Orta Dogu kaynakli risklerle yeniden 85 dolar sinirina dayandi
SNTG	Sentage Holdings Inc. bilançosunu açıkladı.
BWIN	The Baldwin Insurance Group, Inc. yeni yatırım planını duyurdu.
RICK	RCI Hospitality Holdings, Inc. yeni yatırım planını duyurdu.
ENJSA	ENJSA dagitim ve perakende dengesini koruyor
EHGO	Eshallgo Inc. bilançosunu açıkladı.
DSAC	DSAC yeni yatırım planını duyurdu.
KXIN	Kaixin Holdings hisseleri yükseldi.
NUTR	Nusatrip Incorporated yeni yatırım planını duyurdu.
HEDEF	HEDEF bugün yatırımcıların odağında.
LBRDA	LBRDA bugün yatırımcıların odağında.
FKWL	Franklin Wireless Corp. yeni yatırım planını duyurdu.
VREX	Varex Imaging Corporation bilançosunu açıkladı.
ZURA	Zura Bio Limited bugün yatırımcıların odağında.
DCGO	DocGo Inc. bilançosunu açıkladı.
CEPO	Cantor Equity Partners I, Inc. bugün yatırımcıların odağında.
ASELS	ASELSAN ELEKTRON?K SANAY? VE T?CARET A.?. bugün yatırımcıların odağında.
TWAV	TWAV hisseleri yükseldi.
ESCAR	ESCAR F?LO K?RALAMA H?ZMETLER? A.?. hisseleri yükseldi.
SARKY	SARKUYSAN ELEKTROL?T?K BAKIR SANAY? VE T?CARET A.?. bilançosunu açıkladı.
FLWS	1-800-FLOWERS.COM, Inc. bugün yatırımcıların odağında.
AXTI	AXT Inc yeni yatırım planını duyurdu.
XSLL	Xsolla SPAC 1 hisseleri yükseldi.
TUPRS	TUPRS bugün yatırımcıların odağında.
NTWK	NTWK bugün yatırımcıların odağında.
ODFL	Old Dominion Freight Line, Inc. bilançosunu açıkladı.
RDI	Reading International Inc bilançosunu açıkladı.
PLBL	Polibeli Group Ltd bugün yatırımcıların odağında.
FRGT	Freight Technologies, Inc. bugün yatırımcıların odağında.
PRCT	PROCEPT BioRobotics Corporation bilançosunu açıkladı.
MIST	MIST bugün yatırımcıların odağında.
YGYO	YE??L GAYR?MENKUL YATIRIM ORTAKLI?I A.?. bilançosunu açıkladı.
MBVI	MBVI yeni yatırım planını duyurdu.
ARZUM	ARZUM ELEKTR?KL? EV ALETLER? SANAY? VE T?CARET A.?. bilançosunu açıkladı.
PCILT	PCILT yeni yatırım planını duyurdu.
OCFC	OceanFirst Financial Corp. bugün yatırımcıların odağında.
PRCH	Porch Group, Inc. yeni yatırım planını duyurdu.
FROTO	Ford Otosan ihracat siparis akisindaki canlanmayla izleniyor
EDTK	EDTK bugün yatırımcıların odağında.
TFSL	TFS Financial Corporation hisseleri yükseldi.
GDEN	GDEN bugün yatırımcıların odağında.
ON	ON Semiconductor Corporation yeni yatırım planını duyurdu.
VLGEA	Village Super Market, Inc. bilançosunu açıkladı.
FULC	FULC hisseleri yükseldi.
OYAYO	OYAYO bilançosunu açıkladı.
SBCF	SBCF bilançosunu açıkladı.
MGYR	Magyar Bancorp, Inc. hisseleri yükseldi.
LPCN	Lipocine Inc. yeni yatırım planını duyurdu.
SPX	Putting In A Stock Market Top (SP500) - Seeking Alpha
ALFAS	ALFAS yeni yatırım planını duyurdu.
APA	APA yeni yatırım planını duyurdu.
BTDR	Bitdeer Technologies Group bilançosunu açıkladı.
BIOA	BIOA bugün yatırımcıların odağında.
MRTN	MRTN bilançosunu açıkladı.
MNSB	MainStreet Bancshares, Inc. bugün yatırımcıların odağında.
WOOF	Petco Health and Wellness Company, Inc. bugün yatırımcıların odağında.
PEGYO	PERA GAYR?MENKUL YATIRIM ORTAKLI?I A.?. bilançosunu açıkladı.
XEL	Xcel Energy Inc. yeni yatırım planını duyurdu.
WSBC	WSBC bilançosunu açıkladı.
HKPD	HKPD yeni yatırım planını duyurdu.
KOZAL	KOZAL yeni yatırım planını duyurdu.
GHRS	GHRS bugün yatırımcıların odağında.
IDCC	InterDigital, Inc. bilançosunu açıkladı.
NCNO	nCino, Inc. bilançosunu açıkladı.
LASR	LASR bugün yatırımcıların odağında.
PENN	PENN bugün yatırımcıların odağında.
FOXX	FOXX hisseleri yükseldi.
APPF	AppFolio, Inc. yeni yatırım planını duyurdu.
ENPH	Enphase Energy, Inc. yeni yatırım planını duyurdu.
OSTIM	OSTIM bilançosunu açıkladı.
WFCF	WFCF yeni yatırım planını duyurdu.
TCBK	TriCo Bancshares bugün yatırımcıların odağında.
TCBI	TCBI bilançosunu açıkladı.
SNDX	SNDX bugün yatırımcıların odağında.
ONCY	Oncolytics Biotech Inc. hisseleri yükseldi.
ZM	Zoom Communications, Inc. bilançosunu açıkladı.
SAFKR	SAFKAR EGE SO?UTMACILIK KL?MA SO?UK HAVA TES?SLER? ?HRACAT ?THALAT SANAY? VE T?CARET A.?. bilançosunu açıkladı.
LRHC	LRHC hisseleri yükseldi.
JP10Y	Japan Government Bond 10Y getirisi geriledi.
WAFD	WAFD hisseleri yükseldi.
ENJSA	ENJSA dagitim yatirimlarinin getirisiyle nakit akisina destek sagliyor
EBAY	eBay Inc. bugün yatırımcıların odağında.
LQDT	Liquidity Services, Inc. yeni yatırım planını duyurdu.
ZOREN	ZORLU ENERJ? ELEKTR?K ÜRET?M A.?. yeni yatırım planını duyurdu.
ALNT	Allient Inc. bugün yatırımcıların odağında.
AXSM	AXSM hisseleri yükseldi.
THH	THH hisseleri yükseldi.
IMNN	IMNN hisseleri yükseldi.
COTTON	COTTON bugün yatırımcıların odağında.
INVZ	Innoviz Technologies Ltd. bugün yatırımcıların odağında.
IBEX	IBEX bilançosunu açıkladı.
CING	Cingulate Inc. hisseleri yükseldi.
IZFAS	?ZM?R FIRÇA SANAY? VE T?CARET A.?. hisseleri yükseldi.
ITRI	Itron, Inc. bilançosunu açıkladı.
LMRI	LMRI hisseleri yükseldi.
BDSX	BDSX yeni yatırım planını duyurdu.
HATSN	HAT-SAN GEM? ?N?AA BAKIM ONARIM DEN?Z NAKL?YAT SANAY? VE T?CARET A.?. bugün yatırımcıların odağında.
EKGYO	Emlak Konut on satis gelirleriyle beklentileri asti
DESPC	DESPEC B?LG?SAYAR PAZARLAMA VE T?CARET A.?. hisseleri yükseldi.
RYET	RYET hisseleri yükseldi.
VIR	Vir Biotechnology, Inc. bugün yatırımcıların odağında.
SDST	SDST bugün yatırımcıların odağında.
JL	J-Long Group Limited yeni yatırım planını duyurdu.
HURA	HURA yeni yatırım planını duyurdu.
JBHT	J.B. Hunt Transport Services, Inc. bilançosunu açıkladı.
BNTC	BNTC hisseleri yükseldi.
CRCT	Cricut, Inc. hisseleri yükseldi.
IIIV	i3 Verticals, Inc. bilançosunu açıkladı.
NOTV	Inotiv, Inc. yeni yatırım planını duyurdu.
EPLAS	EGEPLAST EGE PLAST?K T?CARET VE SANAY? A.?. bilançosunu açıkladı.
REG	REG yeni yatırım planını duyurdu.
AYEN	AYEN ENERJ? A.?. bugün yatırımcıların odağında.
OFSYM	OF?S YEM GIDA SANAY? T?CARET A.?. yeni yatırım planını duyurdu.
VEEA	VEEA yeni yatırım planını duyurdu.
ZBRA	ZBRA bugün yatırımcıların odağında.
FGI	FGI Industries Ltd. bugün yatırımcıların odağında.
RDGT	RDGT yeni yatırım planını duyurdu.
TELO	Telomir Pharmaceuticals, Inc. bugün yatırımcıların odağında.
MATH	Metalpha Technology Holding Limited yeni yatırım planını duyurdu.
BUCIM	BURSA C?MENTO FABR?KASI A.?. bugün yatırımcıların odağında.
ADEA	Adeia Inc. bilançosunu açıkladı.
CEG	Constellation Energy Corporation bilançosunu açıkladı.
HOPE	HOPE yeni yatırım planını duyurdu.
VFF	Village Farms International, Inc. hisseleri yükseldi.
III	Information Services Group, Inc. yeni yatırım planını duyurdu.
EEIQ	EEIQ bilançosunu açıkladı.
ATRC	AtriCure, Inc. hisseleri yükseldi.
NAMM	NAMM bugün yatırımcıların odağında.
LFVN	Lifevantage Corporation bilançosunu açıkladı.
AIOS	AIOS Tech Inc. hisseleri yükseldi.
SBLX	SBLX yeni yatırım planını duyurdu.
TECH	Bio-Techne Corp bugün yatırımcıların odağında.
BIMAS	BİM Mağazaları hisseleri yükseldi.
DLO	DLocal Limited bilançosunu açıkladı.
YESIL	YESIL yeni yatırım planını duyurdu.
ATRA	ATRA yeni yatırım planını duyurdu.
NBIS	NBIS bilançosunu açıkladı.
TRUP	Trupanion, Inc. hisseleri yükseldi.
PAYX	PAYX bilançosunu açıkladı.
EMBC	EMBC bugün yatırımcıların odağında.
ADBE	ADBE hisseleri yükseldi.
EFSC	Enterprise Financial Services Corporation yeni yatırım planını duyurdu.
TRX	TRX yatırımcı ilgisi gördü.
FIBK	First Interstate BancSystem, Inc. bilançosunu açıkladı.
SRTA	SRTA yeni yatırım planını duyurdu.
LARK	Landmark Bancorp Inc. bilançosunu açıkladı.
ITRN	ITRN bugün yatırımcıların odağında.
CVBF	CVBF yeni yatırım planını duyurdu.
GNLX	Genelux Corporation bugün yatırımcıların odağında.
ALZN	ALZN bilançosunu açıkladı.
CMPX	Compass Therapeutics, Inc. hisseleri yükseldi.
HELE	HELE bugün yatırımcıların odağında.
GASS	GASS yeni yatırım planını duyurdu.
TBORG	TBORG yeni yatırım planını duyurdu.
CTOR	CTOR hisseleri yükseldi.
MBLY	Mobileye Global Inc. hisseleri yükseldi.
EOLS	Evolus, Inc. bugün yatırımcıların odağında.
MLTX	MoonLake Immunotherapeutics yeni yatırım planını duyurdu.
PBYI	PBYI bugün yatırımcıların odağında.
REEDR	REEDR yeni yatırım planını duyurdu.
WTO	UTime Limited bilançosunu açıkladı.
TTMI	TTMI hisseleri yükseldi.
PSDTC	PSDTC bugün yatırımcıların odağında.
LOOP	LOOP yeni yatırım planını duyurdu.
LNTH	LNTH bugün yatırımcıların odağında.
ETON	ETON bugün yatırımcıların odağında.
NCEL	NCEL hisseleri yükseldi.
SVA	Sinovac Biotech, Ltd. yeni yatırım planını duyurdu.
TNXP	TNXP bilançosunu açıkladı.
SLNO	SLNO bugün yatırımcıların odağında.
OIM	OIM bilançosunu açıkladı.
RXRX	RXRX bugün yatırımcıların odağında.
XP	XP bilançosunu açıkladı.
PGSUS	Pegasus birim gelirlerdeki toparlanmayla yaz sezonuna guclu giriyor
CVCO	CVCO hisseleri yükseldi.
PGAC	PGAC bugün yatırımcıların odağında.
RARE	RARE bugün yatırımcıların odağında.
HQI	HQI hisseleri yükseldi.
INTC	Here’s Why Wall Street is Cautious on Intel Corporation (INTC)
SEGYO	SEGYO hisseleri yükseldi.
CYN	CYN bilançosunu açıkladı.
GEDIK	GEDIK bilançosunu açıkladı.
SDM	Smart Digital Group Limited bugün yatırımcıların odağında.
CATY	CATY hisseleri yükseldi.
LUNR	LUNR yeni yatırım planını duyurdu.
MCFT	MCFT hisseleri yükseldi.
EREGL	Ereğli bilançosunu açıkladı.
VGAS	Verde Clean Fuels, Inc. bugün yatırımcıların odağında.
NTAP	NetApp, Inc. bilançosunu açıkladı.
EWCZ	EWCZ hisseleri yükseldi.
CFFI	CFFI bilançosunu açıkladı.
EXTR	Extreme Networks, Inc. hisseleri yükseldi.
AMST	AMST yeni yatırım planını duyurdu.
BOLT	BOLT yeni yatırım planını duyurdu.
GSUN	GSUN hisseleri yükseldi.
RPD	RPD bugün yatırımcıların odağında.
BTTC	BTTC hisseleri yükseldi.
IPEKE	IPEKE hisseleri yükseldi.
TYGO	Tigo Energy, Inc. yeni yatırım planını duyurdu.
EUHOL	EURO YATIRIM HOLD?NG A.?. hisseleri yükseldi.
FLAP	FLAP KONGRE TOPLANTI H?ZMETLER? OTOMOT?V VE TUR?ZM A.?. bilançosunu açıkladı.
ABTS	ABTS yeni yatırım planını duyurdu.
TARKM	TARK?M B?TK? KORUMA SANAY? VE T?CARET A.?. yeni yatırım planını duyurdu.
RMCO	RMCO yeni yatırım planını duyurdu.
MRDN	Meridian Holdings Inc. yeni yatırım planını duyurdu.
EXPO	EXPO bilançosunu açıkladı.
AREB	AREB yeni yatırım planını duyurdu.
INSG	Inseego Corp. bilançosunu açıkladı.
SLN	Silence Therapeutics Plc yeni yatırım planını duyurdu.
SDA	SDA yeni yatırım planını duyurdu.
XRPN	Armada Acquisition Corp. II yeni yatırım planını duyurdu.
WAFU	WAFU bilançosunu açıkladı.
TORO	TORO bugün yatırımcıların odağında.
FTFT	Future FinTech Group Inc. bilançosunu açıkladı.
CDW	CDW bilançosunu açıkladı.
SWVL	Swvl Holdings Corp bugün yatırımcıların odağında.
ALBT	ALBT bugün yatırımcıların odağında.
ISCTR	Is Bankasi istirak portfoyunden gelen katkilarla one cikti
GRPN	Groupon, Inc. bilançosunu açıkladı.
CDNA	CareDx, Inc. yeni yatırım planını duyurdu.
OST	Ostin Technology Group Co., Ltd. yeni yatırım planını duyurdu.
ONCSM	ONCOSEM ONKOLOJ?K S?STEMLER SANAY? VE T?CARET A.?. yeni yatırım planını duyurdu.
NCT	Intercont (Cayman) Limited yeni yatırım planını duyurdu.
PPCB	Propanc Biopharma, Inc. bugün yatırımcıların odağında.
ICLR	ICLR yeni yatırım planını duyurdu.
DSGN	DSGN yeni yatırım planını duyurdu.
GITS	GITS bilançosunu açıkladı.
TGL	TGL yeni yatırım planını duyurdu.
REYN	Reynolds Consumer Products Inc. hisseleri yükseldi.
ABLV	ABLV hisseleri yükseldi.
RUSHB	Rush Enterprises, Inc. hisseleri yükseldi.
RCT	RCT yeni yatırım planını duyurdu.
AZTA	Azenta, Inc. bugün yatırımcıların odağında.
HUBG	Hub Group, Inc. bugün yatırımcıların odağında.
CWBC	CWBC bilançosunu açıkladı.
CRNT	Ceragon Networks Ltd. yeni yatırım planını duyurdu.
FMST	Foremost Clean Energy Ltd. hisseleri yükseldi.
JOUT	Johnson Outdoors Inc. hisseleri yükseldi.
ICHR	ICHR bilançosunu açıkladı.
SRRK	SRRK bugün yatırımcıların odağında.
TBH	TBH yeni yatırım planını duyurdu.
MGROS	Migros taze gida kategorisindeki talep gucuyle one cikti
MZTI	MZTI bilançosunu açıkladı.
KRGYO	KÖRFEZ GAYR?MENKUL YATIRIM ORTAKLI?I A.?. yeni yatırım planını duyurdu.
VIVS	VivoSim Labs, Inc. yeni yatırım planını duyurdu.
ARCLK	ARCLK Avrupa talebindeki toparlanma beklentisiyle izleniyor
SFIX	Stitch Fix, Inc. bugün yatırımcıların odağında.
MBBC	Marathon Bancorp, Inc. yeni yatırım planını duyurdu.
BNBX	BNBX bugün yatırımcıların odağında.
STEX	Streamex Corp. yeni yatırım planını duyurdu.
HFBL	Home Federal Bancorp, Inc. of Louisiana hisseleri yükseldi.
AVT	Avnet, Inc. bugün yatırımcıların odağında.
ALMS	ALMS hisseleri yükseldi.
FER	Ferrovial SE bilançosunu açıkladı.
BEAT	BEAT bilançosunu açıkladı.
BTCS	BTCS bilançosunu açıkladı.
SSAC	SPACSphere Acquisition Corp. bilançosunu açıkladı.
TUPRS	TUPRS urun spreadlerindeki toparlanmadan yararlanmaya devam ediyor
DARE	DARE bugün yatırımcıların odağında.
REAX	REAX bilançosunu açıkladı.
FOLD	Amicus Therapeutics, Inc. bilançosunu açıkladı.
FEBO	FEBO yeni yatırım planını duyurdu.
NGNE	Neurogene Inc. bugün yatırımcıların odağında.
CPHC	Canterbury Park Holding Corporation hisseleri yükseldi.
MBAV	MBAV bilançosunu açıkladı.
MSS	Maison Solutions Inc. bugün yatırımcıların odağında.
TMTS	TMTS bugün yatırımcıların odağında.
JBDI	JBDI bilançosunu açıkladı.
LSCC	LSCC bugün yatırımcıların odağında.
IRD	IRD bugün yatırımcıların odağında.
LOGO	Logo Yazilim KOBI urun tarafinda yeni musteri kazanimina odaklandi
KLSER	KLSER bilançosunu açıkladı.
VABK	VABK bilançosunu açıkladı.
AIOT	AIOT bilançosunu açıkladı.
F_TUPRS	Tupras Vadeli Islem Sozlesmesi tarafında volatilite yükseldi.
AGHOL	AG ANADOLU GRUBU HOLD?NG A.?. bilançosunu açıkladı.
CBLL	CeriBell, Inc. yeni yatırım planını duyurdu.
BFC	BFC yeni yatırım planını duyurdu.
SCSC	SCSC yeni yatırım planını duyurdu.
APWC	Asia Pacific Wire & Cable Corporation Limited bilançosunu açıkladı.
RCEL	Avita Medical, Inc. hisseleri yükseldi.
MBRX	MBRX bilançosunu açıkladı.
DAPGM	DAPGM yeni yatırım planını duyurdu.
XBANK	BIST Banka endeksi kredi buyumesi beklentileriyle one cikti
CLWT	Euro Tech Holdings Company Limited hisseleri yükseldi.
MAKO	Mako Mining Corp bugün yatırımcıların odağında.
SOL	Solana ag uzerindeki yeni uygulamalar fiyata destek verdi
FCBC	FCBC bugün yatırımcıların odağında.
DOX	DOX bilançosunu açıkladı.
MDWD	MediWound Ltd. bugün yatırımcıların odağında.
ATRO	Astronics Corporation yeni yatırım planını duyurdu.
ETH	ETHUSDT yatırımcı ilgisi gördü.
BNTAS	BNTAS hisseleri yükseldi.
FDSB	Fifth District Bancorp, Inc. bilançosunu açıkladı.
KOYN	CSLM Digital Asset Acquisition Corp III bugün yatırımcıların odağında.
LSAK	Lesaka Technologies, Inc. bugün yatırımcıların odağında.
HBCP	Home Bancorp, Inc. hisseleri yükseldi.
EKIZ	EK?Z K?MYA SANAY? VE T?CARET A.?. bugün yatırımcıların odağında.
KLGYO	KLGYO hisseleri yükseldi.
USAK	USAK bilançosunu açıkladı.
WEYS	WEYS yeni yatırım planını duyurdu.
HAVA	HAVA bugün yatırımcıların odağında.
FSHP	FSHP hisseleri yükseldi.
TRCAS	TRCAS yeni yatırım planını duyurdu.
SAHOL	Sabancı yeni yatırım planını duyurdu.
KNDI	Kandi Technologies Group, Inc. bilançosunu açıkladı.
VS	VS yeni yatırım planını duyurdu.
AKSUE	AKSUE yeni yatırım planını duyurdu.
RUBI	Rubico Inc. hisseleri yükseldi.
METCB	METCB bilançosunu açıkladı.
SPX	Why Coinbase and Robinhood Are Among the S&P 500’s Biggest Risers Today
ACON	ACON yeni yatırım planını duyurdu.
MCTA	Charming Medical Limited bugün yatırımcıların odağında.
THRY	THRY yeni yatırım planını duyurdu.
NAUT	NAUT bilançosunu açıkladı.
OZRDN	OZRDN hisseleri yükseldi.
NFLX	Netflix (NFLX): The Best Beginner Stock to Buy Right Now - Yahoo Finance
LXEO	Lexeo Therapeutics, Inc. bugün yatırımcıların odağında.
CDLX	Cardlytics, Inc. yeni yatırım planını duyurdu.
BAYA	Bayview Acquisition Corp hisseleri yükseldi.
AMPG	Amplitech Group, Inc. bilançosunu açıkladı.
CANTE	ÇAN2 TERM?K A.?. bilançosunu açıkladı.
MVBF	MVBF bugün yatırımcıların odağında.
BTBT	Bit Digital, Inc. bilançosunu açıkladı.
SMCI	SMCI hisseleri yükseldi.
DERHL	DERLÜKS YATIRIM HOLD?NG A.?. bugün yatırımcıların odağında.
SELEC	SELÇUK ECZA DEPOSU T?CARET VE SANAY? A.?. hisseleri yükseldi.
PAMT	PAMT hisseleri yükseldi.
GEDZA	GED?Z AMBALAJ SANAY? VE T?CARET A.?. bilançosunu açıkladı.
HCAT	HCAT bilançosunu açıkladı.
XELB	XELB hisseleri yükseldi.
DAVE	Dave Inc. hisseleri yükseldi.
MARKA	MARKA hisseleri yükseldi.
MLGO	MLGO bugün yatırımcıların odağında.
SLMT	Brera Holdings PLC bilançosunu açıkladı.
BCRX	BioCryst Pharmaceuticals, Inc. bilançosunu açıkladı.
DBX	Dropbox, Inc. bilançosunu açıkladı.
JYNT	JYNT bilançosunu açıkladı.
SMART	SMART?KS YAZILIM A.?. hisseleri yükseldi.
AGYS	Agilysys, Inc. bugün yatırımcıların odağında.
CTKB	Cytek Biosciences, Inc. bugün yatırımcıların odağında.
EWTX	EWTX bilançosunu açıkladı.
AAPG	AAPG hisseleri yükseldi.
PODD	PODD yeni yatırım planını duyurdu.
ROAD	ROAD yeni yatırım planını duyurdu.
WTF	WTF yeni yatırım planını duyurdu.
TAOX	TAOX bilançosunu açıkladı.
MATIC	MATIC bugün yatırımcıların odağında.
HQY	HQY yeni yatırım planını duyurdu.
DUOL	Duolingo, Inc. yeni yatırım planını duyurdu.
TSLA	Tesla Earnings, Elon Musk Due With Stock Near Key Levels; What To Expect
FOXA	Fox Corporation bugün yatırımcıların odağında.
CAMP	CAMP4 Therapeutics Corporation yeni yatırım planını duyurdu.
CURR	Currenc Group Inc. yeni yatırım planını duyurdu.
WSTN	WSTN bilançosunu açıkladı.
ZBIO	ZBIO bilançosunu açıkladı.
EVCM	EverCommerce Inc. hisseleri yükseldi.
BLNE	Beeline Holdings, Inc. bilançosunu açıkladı.
CELC	CELC hisseleri yükseldi.
IBOC	International Bancshares Corporation bugün yatırımcıların odağında.
FZLGY	FZLGY bugün yatırımcıların odağında.
PLTR	Here’s Why Mizuho Lowered Price Target on Palantir Technologies (PLTR)
XRP	XRP davasina iliskin gelismeler sonrasi yukseliste
HIND	Vyome Holdings, Inc. bilançosunu açıkladı.
RENT	Rent the Runway, Inc. bilançosunu açıkladı.
ZRGYO	Z?RAAT GAYR?MENKUL YATIRIM ORTAKLI?I A.?. yeni yatırım planını duyurdu.
BOF	BranchOut Food Inc. bugün yatırımcıların odağında.
ISCTR	Is Bankasi istirak gelirlerinin destegiyle one cikiyor
IMTX	IMTX yeni yatırım planını duyurdu.
CASY	CASY yeni yatırım planını duyurdu.
HYFM	HYFM hisseleri yükseldi.
PCTY	Paylocity Holding Corporation bugün yatırımcıların odağında.
PC	PC yeni yatırım planını duyurdu.
CLNE	CLNE yeni yatırım planını duyurdu.
TEKTU	TEK-ART ?N?AAT T?CARET TUR?ZM SANAY? VE YATIRIMLAR A.?. hisseleri yükseldi.
SMTK	SMTK bugün yatırımcıların odağında.
USDTRY	Dolar/TL paritesinde oynaklık arttı.
DH	DH hisseleri yükseldi.
CHNR	China Natural Resources, Inc. hisseleri yükseldi.
SNTI	Senti Biosciences, Inc. yeni yatırım planını duyurdu.
PNLSN	PNLSN hisseleri yükseldi.
BWFG	Bankwell Financial Group, Inc. yeni yatırım planını duyurdu.
JKHY	JKHY hisseleri yükseldi.
FVN	Future Vision II Acquisition Corporation bugün yatırımcıların odağında.
BTOG	BTOG bugün yatırımcıların odağında.
ERBOS	ERBOS hisseleri yükseldi.
INCY	Incyte Corporation bilançosunu açıkladı.
MYSZ	MYSZ yeni yatırım planını duyurdu.
BUSE	First Busey Corporation bilançosunu açıkladı.
ATEKS	ATEKS hisseleri yükseldi.
PANL	Pangaea Logistics Solutions Ltd. hisseleri yükseldi.
NTCT	NetScout Systems, Inc. bugün yatırımcıların odağında.
BRFH	Barfresh Food Group Inc. bugün yatırımcıların odağında.
VVOS	Vivos Therapeutics, Inc. yeni yatırım planını duyurdu.
DNISI	D?NAM?K ISI MAK?NA YALITIM MALZEMELER? SANAY? VE T?CARET A.?. hisseleri yükseldi.
AURE	Aurelion Inc. bugün yatırımcıların odağında.
ZVRA	ZVRA bilançosunu açıkladı.
YOOV	Concorde International Group Ltd yeni yatırım planını duyurdu.
USDDKK	US Dollar / Danish Krone paritesinde oynaklık arttı.
GOOGL	GOOGL yeni yatırım planını duyurdu.
RNXT	RenovoRx, Inc. bugün yatırımcıların odağında.
XU100	CANLI BORSA | Borsa yükselişle başladı: 22 Nisan 2026 Çarşamba BIST 100 endeksi - Finans haberlerinin doğru adresi - Mynet Finans Haber - Mynet Finans
UHG	United Homes Group, Inc bugün yatırımcıların odağında.
EUREN	EUROPEN ENDÜSTR? ?N?AAT SANAY? VE T?CARET A.?. bilançosunu açıkladı.
GENB	GENB bilançosunu açıkladı.
SDOT	SDOT yeni yatırım planını duyurdu.
LOAN	Manhattan Bridge Capital, Inc bugün yatırımcıların odağında.
TRUG	TRUG yeni yatırım planını duyurdu.
KFFB	Kentucky First Federal Bancorp yeni yatırım planını duyurdu.
DGICA	DGICA yeni yatırım planını duyurdu.
RANG	RANG yeni yatırım planını duyurdu.
PGSUS	PGSUS filo kullanim verimliligini yeni sezonda artiriyor
UCAR	U Power Limited hisseleri yükseldi.
MRBK	Meridian Corporation yeni yatırım planını duyurdu.
MGROS	MGROS hisseleri yükseldi.
INTU	INTU yeni yatırım planını duyurdu.
PLAB	Photronics, Inc. hisseleri yükseldi.
MERCN	MERCN hisseleri yükseldi.
BERA	BERA HOLD?NG A.?. bugün yatırımcıların odağında.
VESTL	VESTL bilançosunu açıkladı.
GAMB	Gambling.com Group Limited hisseleri yükseldi.
BTMD	Biote (BTMD) Stock: Key Drivers Analysis | Q4 2025: Earnings Beat Estimates - Trending Social Stocks - Cổng thông tin điện tử Tỉnh Sơn La
OYSE	OYSE bilançosunu açıkladı.
CDTG	CDT Environmental Technology Investment Holdings Limited bugün yatırımcıların odağında.
APM	APM hisseleri yükseldi.
HCMA	HCMA yeni yatırım planını duyurdu.
ULH	Universal Logistics Holdings, Inc. hisseleri yükseldi.
CAMT	Camtek Ltd. bilançosunu açıkladı.
SY	SY hisseleri yükseldi.
ANELE	ANEL ELEKTR?K PROJE TAAHHÜT VE T?CARET A.?. yeni yatırım planını duyurdu.
CBUS	Cibus, Inc. yeni yatırım planını duyurdu.
XAUUSD	XAUUSD bugün yatırımcıların odağında.
PLSM	Pulsenmore Ltd. bugün yatırımcıların odağında.
IEYHO	I?IKLAR ENERJ? VE YAPI HOLD?NG A.?. yeni yatırım planını duyurdu.
HDSN	HDSN hisseleri yükseldi.
CZNC	Citizens & Northern Corp hisseleri yükseldi.
TCX	Tucows Inc. bilançosunu açıkladı.
IDAI	IDAI hisseleri yükseldi.
FROTO	FROTO elektrikli arac uretim planlariyla sektorunde one cikiyor
CNTN	Canton Strategic Holdings, Inc. bilançosunu açıkladı.
ARCLK	ARCLK bugün yatırımcıların odağında.
HURC	Hurco Companies, Inc. yeni yatırım planını duyurdu.
CJMB	Callan JMB Inc. bugün yatırımcıların odağında.
SPX	Should You Buy the Vanguard S&P 500 ETF With the Stock Market At a Fresh Record High? The Answer Might Surprise You. - The Motley Fool
BBOT	BBOT bugün yatırımcıların odağında.
ACDC	ProFrac Holding Corp. hisseleri yükseldi.
GLUE	Monte Rosa Therapeutics, Inc. bilançosunu açıkladı.
STEP	STEP bugün yatırımcıların odağında.
FISI	FISI hisseleri yükseldi.
ASELS	ASELS yurtiçi savunma siparislerinde yeni teslim takvimi acikladi
PACB	Pacific Biosciences of California, Inc. hisseleri yükseldi.
ORIS	Oriental Rise Holdings Limited bilançosunu açıkladı.
ACHC	ACHC bilançosunu açıkladı.
ALMR	ALMR hisseleri yükseldi.
MSAI	MultiSensor AI Holdings, Inc. yeni yatırım planını duyurdu.
AGPU	AGPU yeni yatırım planını duyurdu.
KRNT	Kornit Digital Ltd. hisseleri yükseldi.
GNPX	Genprex, Inc. bugün yatırımcıların odağında.
ESCA	ESCA hisseleri yükseldi.
XCH	XCHG Limited yeni yatırım planını duyurdu.
STGW	Stagwell Inc. bilançosunu açıkladı.
CCNE	CNB Financial Corporation yeni yatırım planını duyurdu.
NDAQ	NDAQ hisseleri yükseldi.
SYNA	Synaptics Incorporated bugün yatırımcıların odağında.
SJ	SJ bugün yatırımcıların odağında.
SNGYO	SNGYO bugün yatırımcıların odağında.
TUKAS	TUKA? GIDA SANAY? VE T?CARET A.?. hisseleri yükseldi.
BDTX	Black Diamond Therapeutics, Inc. yeni yatırım planını duyurdu.
ZNTL	ZNTL hisseleri yükseldi.
AVBP	AVBP bugün yatırımcıların odağında.
YKBNK	YKBNK odeme sistemleri tarafindaki buyumeyle pozitif ayrisiyor
XHLD	XHLD yeni yatırım planını duyurdu.
BAFN	BAFN hisseleri yükseldi.
BOLD	Boundless Bio, Inc. hisseleri yükseldi.
PSGYO	PAS?F?K GAYR?MENKUL YATIRIM ORTAKLI?I A.?. bilançosunu açıkladı.
IREN	IREN bugün yatırımcıların odağında.
HMH	HMH Holding Inc. bilançosunu açıkladı.
LATA	LATA hisseleri yükseldi.
DAGI	DAG? G?Y?M SANAY? VE T?CARET A.?. yeni yatırım planını duyurdu.
NVNI	NVNI bilançosunu açıkladı.
ISBTR	ISBTR bugün yatırımcıların odağında.
VBTYZ	VBT YAZILIM A.?. bugün yatırımcıların odağında.
NTHOL	NTHOL bilançosunu açıkladı.
NXL	Nexalin Technology, Inc. bilançosunu açıkladı.
NODK	NI Holdings, Inc. hisseleri yükseldi.
CENTA	CENTA bugün yatırımcıların odağında.
SOCA	SOCA bugün yatırımcıların odağında.
CHMG	CHMG hisseleri yükseldi.
INFO	?NFO YATIRIM MENKUL DE?ERLER A.?. bilançosunu açıkladı.
CISO	CISO Global, Inc. hisseleri yükseldi.
XGN	XGN yeni yatırım planını duyurdu.
MGROS	Migros yeni dagitim merkeziyle lojistik verimliligini artiracak
AMIX	AMIX yeni yatırım planını duyurdu.
WULF	TeraWulf Inc. hisseleri yükseldi.
ERSU	ERSU MEYVE VE GIDA SANAY? A.?. hisseleri yükseldi.
VOR	VOR bugün yatırımcıların odağında.
TDGYO	TREND GAYR?MENKUL YATIRIM ORTAKLI?I A.?. bilançosunu açıkladı.
GOGO	GOGO bilançosunu açıkladı.
OZGYO	OZGYO bugün yatırımcıların odağında.
LZMH	LZ Technology Holdings Limited hisseleri yükseldi.
AKAM	Akamai Technologies, Inc. yeni yatırım planını duyurdu.
ORGN	Origin Materials, Inc. hisseleri yükseldi.
KAREL	KAREL ELEKTRON?K SANAY? VE T?CARET A.?. hisseleri yükseldi.
KRUS	KRUS bilançosunu açıkladı.
CLOV	Clover Health Investments, Corp. bugün yatırımcıların odağında.
DRTS	DRTS bilançosunu açıkladı.
TWIN	TWIN yeni yatırım planını duyurdu.
SOPH	SOPHiA GENETICS SA bilançosunu açıkladı.
BVFL	BVFL bugün yatırımcıların odağında.
APC	APC bilançosunu açıkladı.
ATOM	Cosmos sert yükseldi.
PAHC	PAHC yeni yatırım planını duyurdu.
IFRX	IFRX bilançosunu açıkladı.
ASLE	AerSale Corporation yeni yatırım planını duyurdu.
NAVI	Navient Corporation bugün yatırımcıların odağında.
KYMR	KYMR bugün yatırımcıların odağında.
VRTX	VRTX yeni yatırım planını duyurdu.
ZENA	ZENA bilançosunu açıkladı.
SDGR	Schrodinger, Inc. hisseleri yükseldi.
ARCB	ArcBest Corporation bugün yatırımcıların odağında.
MBAI	Check-Cap Ltd. bilançosunu açıkladı.
GIG	GIG hisseleri yükseldi.
SUGP	SU Group Holdings Limited bilançosunu açıkladı.
OZKGY	OZKGY bilançosunu açıkladı.
CMENT	Ç?MENTA? ?ZM?R Ç?MENTO FABR?KASI T.A.?. bilançosunu açıkladı.
BKR	Baker Hughes Company bugün yatırımcıların odağında.
LCNB	LCNB Corporation bugün yatırımcıların odağında.
OYYAT	OYYAT bilançosunu açıkladı.
MCRI	MCRI bilançosunu açıkladı.
ADPT	Adaptive Biotechnologies Corporation bilançosunu açıkladı.
AKBNK	Akbank kurumsal bankacilik gelirlerinde guclu bir ceyrek hedefliyor
CHTR	CHTR yeni yatırım planını duyurdu.
FENC	Fennec Pharmaceuticals Inc. yeni yatırım planını duyurdu.
QNTM	QNTM bilançosunu açıkladı.
PRKME	PARK ELEKTR?K URET?M MADENC?L?K SANAY? VE T?CARET A.?. bugün yatırımcıların odağında.
JCAP	Jefferson Capital, Inc. yeni yatırım planını duyurdu.
HNNA	Hennessy Advisors, Inc. yeni yatırım planını duyurdu.
CLRB	CLRB bilançosunu açıkladı.
DGII	Digi International Inc. yeni yatırım planını duyurdu.
TARA	TARA bilançosunu açıkladı.
EMKEL	EMEK ELEKTR?K ENDÜSTR?S? A.?. bugün yatırımcıların odağında.
QSEA	QSEA bilançosunu açıkladı.
SUPX	SUPX bilançosunu açıkladı.
COSM	Cosmos Health Inc. bilançosunu açıkladı.
TACH	TACH bilançosunu açıkladı.
UG	UG hisseleri yükseldi.
TBLA	Taboola.com Ltd. bugün yatırımcıların odağında.
SLP	SLP hisseleri yükseldi.
GCBC	Greene County Bancorp, Inc. yeni yatırım planını duyurdu.
CGC	Canopy Growth Corporation yeni yatırım planını duyurdu.
ERCB	ERC?YAS CEL?K BORU SANAY? A.?. bilançosunu açıkladı.
OYAKC	OYAK C?MENTO FABR?KALARI A.?. yeni yatırım planını duyurdu.
CVKD	Cadrenal Therapeutics, Inc. hisseleri yükseldi.
INVEO	INVEO bugün yatırımcıların odağında.
HTCO	HTCO hisseleri yükseldi.
SAHOL	Sabanci Holding sanayi portfoyundeki verimlilik projelerini hizlandirdi
FORR	FORR yeni yatırım planını duyurdu.
RANI	Rani Therapeutics Holdings, Inc. yeni yatırım planını duyurdu.
ISCTR	İşbank kurumsal kredi buyumesiyle bankacilik endeksine destek verdi
UONE	UONE bilançosunu açıkladı.
ACET	Adicet Bio, Inc. bilançosunu açıkladı.
ACMR	ACMR bugün yatırımcıların odağında.
MFI	MFI bugün yatırımcıların odağında.
XRAY	XRAY bugün yatırımcıların odağında.
RFAM	RF Acquisition Corp III bilançosunu açıkladı.
TSAT	Telesat Corporation bugün yatırımcıların odağında.
VSEC	VSEC yeni yatırım planını duyurdu.
BZ	KANZHUN LIMITED bugün yatırımcıların odağında.
INVES	INVES bilançosunu açıkladı.
EUPWR	EUPWR hisseleri yükseldi.
TLIH	TLIH bilançosunu açıkladı.
POWW	Outdoor Holding Company hisseleri yükseldi.
MIGI	MIGI yeni yatırım planını duyurdu.
BRENT	Brent petrol fiyatlari arz endiseleriyle yukseliyor
BIMAS	BİM indirim market segmentinde yeni magaza acilislarini surduruyor
OFAL	OFAL hisseleri yükseldi.
PAMEL	PAMEL bilançosunu açıkladı.
POLHO	POL?SAN HOLD?NG A.?. bilançosunu açıkladı.
DSGX	The Descartes Systems Group Inc. hisseleri yükseldi.
TNMG	TNL Mediagene bilançosunu açıkladı.
POWL	Powell Industries, Inc. bilançosunu açıkladı.
APLD	Applied Digital Corporation yeni yatırım planını duyurdu.
IZMDC	?ZM?R DEM?R CEL?K SANAY? A.?. bilançosunu açıkladı.
MCRB	Seres Therapeutics, Inc. bugün yatırımcıların odağında.
DYAI	DYAI bugün yatırımcıların odağında.
BTQ	BTQ Technologies Corp. yeni yatırım planını duyurdu.
KPTI	Karyopharm Therapeutics Inc. bugün yatırımcıların odağında.
HYNE	HYNE bilançosunu açıkladı.
FTLF	FitLife Brands, Inc. yeni yatırım planını duyurdu.
HKTM	HKTM bugün yatırımcıların odağında.
TCELL	Turkcell veri tuketim trendlerindeki gucle gelirlerini destekliyor
AKYHO	AKDEN?Z YATIRIM HOLD?NG A.?. yeni yatırım planını duyurdu.
BRENT	Brent fiyatları yükselişe geçti.
ZSTK	ZSTK bilançosunu açıkladı.
OLPX	OLPX bugün yatırımcıların odağında.
WNEB	WNEB bugün yatırımcıların odağında.
OMEX	Odyssey Marine Exploration, Inc. hisseleri yükseldi.
CEVA	CEVA, Inc. bugün yatırımcıların odağında.
QUAGR	QUAGR yeni yatırım planını duyurdu.
EFOI	Energy Focus, Inc. bilançosunu açıkladı.
TXG	10x Genomics, Inc. hisseleri yükseldi.
RVSN	Rail Vision Ltd. bilançosunu açıkladı.
NWS	News Corporation yeni yatırım planını duyurdu.
PLUS	PLUS bilançosunu açıkladı.
TCELL	Turkcell superonline aboneliklerinde ivmeyi koruyor
EXPI	eXp World Holdings, Inc. bugün yatırımcıların odağında.
LOGO	LOGO YAZILIM SANAY? VE T?CARET A.?. bugün yatırımcıların odağında.
CMTV	Community Bancorp. hisseleri yükseldi.
SENS	SENS bugün yatırımcıların odağında.
TMUS	T-Mobile US, Inc. yeni yatırım planını duyurdu.
SEKUR	SEKURO PLAST?K AMBALAJ SANAY? A.?. yeni yatırım planını duyurdu.
HMR	HMR bugün yatırımcıların odağında.
ACIU	AC Immune SA hisseleri yükseldi.
CRBP	Corbus Pharmaceuticals Holdings, Inc. bugün yatırımcıların odağında.
SILO	SILO hisseleri yükseldi.
GROW	GROW bugün yatırımcıların odağında.
OFLX	OFLX bilançosunu açıkladı.
MLKN	MLKN bilançosunu açıkladı.
GRI	GRI bilançosunu açıkladı.
CTLP	CTLP yeni yatırım planını duyurdu.
EGPRO	EGPRO bilançosunu açıkladı.
ANTA	Antalpha Platform Holding Company yeni yatırım planını duyurdu.
MMCAS	MMCAS bilançosunu açıkladı.
KOD	Kodiak Sciences Inc bugün yatırımcıların odağında.
SFBC	SFBC bilançosunu açıkladı.
AMSC	American Superconductor Corporation yeni yatırım planını duyurdu.
MRX	Marex Group plc bugün yatırımcıların odağında.
PLXS	PLXS bugün yatırımcıların odağında.
CODX	CODX bugün yatırımcıların odağında.
HATEK	HATEK bilançosunu açıkladı.
DDOG	DDOG hisseleri yükseldi.
CPRT	Copart, Inc. bilançosunu açıkladı.
BYDNR	BAYDÖNER RESTORANLARI A.?. hisseleri yükseldi.
VSNT	Versant Media Group, Inc. bilançosunu açıkladı.
NFE	NFE bilançosunu açıkladı.
MSTR	MSTR hisseleri yükseldi.
SPSC	SPSC bilançosunu açıkladı.
PUBM	PUBM yeni yatırım planını duyurdu.
CRGO	CRGO bilançosunu açıkladı.
FINW	FinWise Bancorp hisseleri yükseldi.
KTOS	KTOS bugün yatırımcıların odağında.
WING	Wingstop Inc. bilançosunu açıkladı.
SZZL	SZZL bilançosunu açıkladı.
NVDA	Cadence Design And Nvidia (NVDA) Partnering to Boost AI Robo Development
GIBO	GIBO bugün yatırımcıların odağında.
HSTM	HealthStream, Inc. bilançosunu açıkladı.
SWMR	SWMR bugün yatırımcıların odağında.
ARCLK	ARCLK ihracat pazarlarindaki ivmelenmeyle dikkat cekti
MEDTR	MEDTR yeni yatırım planını duyurdu.
NTRA	Natera, Inc. bugün yatırımcıların odağında.
LOPE	LOPE yeni yatırım planını duyurdu.
PAL	PAL bugün yatırımcıların odağında.
PAYP	PayPay Corporation yeni yatırım planını duyurdu.
CCC	CCC bilançosunu açıkladı.
AHCO	AdaptHealth Corp. bugün yatırımcıların odağında.
SHC	Sotera Health Company bugün yatırımcıların odağında.
FNUC	FNUC hisseleri yükseldi.
MGNI	MGNI hisseleri yükseldi.
EKGYO	Emlak Konut yeni proje gelirlerini yatirimcilara sundu
MNDR	Mobile-health Network Solutions bilançosunu açıkladı.
VRM	VRM hisseleri yükseldi.
PGSUS	Pegasus yan gelir performansindaki guclenmeyle dikkat cekti
BSBK	Bogota Financial Corp. bilançosunu açıkladı.
COIN	COIN bilançosunu açıkladı.
PTC	PTC yeni yatırım planını duyurdu.
TSGYO	TSKB GAYR?MENKUL YATIRIM ORTAKLI?I A.?. yeni yatırım planını duyurdu.
GFS	GlobalFoundries Inc. hisseleri yükseldi.
TOP	TOP Financial Group Limited bugün yatırımcıların odağında.
HUDI	HUDI bugün yatırımcıların odağında.
SRVGY	SRVGY hisseleri yükseldi.
NDLS	Noodles & Company bugün yatırımcıların odağında.
RTAC	Renatus Tactical Acquisition Corp I bilançosunu açıkladı.
MAZE	Maze Therapeutics, Inc. bilançosunu açıkladı.
MOBX	Mobix Labs, Inc. bugün yatırımcıların odağında.
NVAX	NVAX yeni yatırım planını duyurdu.
ACFN	Acorn Energy, Inc. yeni yatırım planını duyurdu.
AVTX	Avalo Therapeutics, Inc. bilançosunu açıkladı.
BRMEN	BRMEN hisseleri yükseldi.
SFST	Southern First Bancshares, Inc. yeni yatırım planını duyurdu.
ESLA	ESLA bilançosunu açıkladı.
YSXT	YSXT hisseleri yükseldi.
HUNER	HUNER yeni yatırım planını duyurdu.
UPBD	Upbound Group, Inc. bugün yatırımcıların odağında.
TLN	TLN hisseleri yükseldi.
BVC	BVC yeni yatırım planını duyurdu.
ULTA	Ulta Beauty, Inc. yeni yatırım planını duyurdu.
GELS	Gelteq Limited bugün yatırımcıların odağında.
TAYD	Taylor Devices, Inc. hisseleri yükseldi.
QMCO	Quantum Corporation bilançosunu açıkladı.
LEE	Lee Enterprises, Incorporated yeni yatırım planını duyurdu.
STRT	STRATTEC SECURITY CORPORATION yeni yatırım planını duyurdu.
HUBVC	HUB G?R???M SERMAYES? YATIRIM ORTAKLI?I A.?. bilançosunu açıkladı.
CPOP	Pop Culture Group Co., Ltd bugün yatırımcıların odağında.
US02Y	US02Y faizi yukarı yönlü hareket etti.
BCAX	BCAX yeni yatırım planını duyurdu.
DOAS	DOAS hisseleri yükseldi.
RDNW	RDNW yeni yatırım planını duyurdu.
SAYAS	SAY YEN?LENEB?L?R ENERJ? EK?PMANLARI SANAY? VE T?CARET A.?. yeni yatırım planını duyurdu.
ATLAS	ATLAS yeni yatırım planını duyurdu.
TRNR	Interactive Strength Inc. yeni yatırım planını duyurdu.
SERA	Sera Prognostics, Inc. bilançosunu açıkladı.
ENKAI	ENKA ?N?AAT VE SANAY? A.?. bugün yatırımcıların odağında.
PRDGS	PARDUS G?R???M SERMAYES? YATIRIM ORTAKLI?I A.?. bugün yatırımcıların odağında.
HCWB	HCWB bugün yatırımcıların odağında.
EGAN	eGain Corporation bugün yatırımcıların odağında.
OACC	OACC bugün yatırımcıların odağında.
ORKT	ORKT bilançosunu açıkladı.
FGL	Founder Group Limited hisseleri yükseldi.
TRGYO	TORUNLAR GAYR?MENKUL YATIRIM ORTAKLI?I A.?. hisseleri yükseldi.
VNCE	VNCE bilançosunu açıkladı.
LIVN	LIVN bilançosunu açıkladı.
BHAV	BHAV Acquisition Corp bilançosunu açıkladı.
SLGB	SLGB bilançosunu açıkladı.
NXXT	NXXT yeni yatırım planını duyurdu.
ETYAT	ETYAT bilançosunu açıkladı.
ESPR	ESPR yeni yatırım planını duyurdu.
ELVR	ELVR bilançosunu açıkladı.
DFLI	Dragonfly Energy Holdings Corp hisseleri yükseldi.
CWST	CWST hisseleri yükseldi.
RGEN	RGEN hisseleri yükseldi.
MGRX	MGRX bugün yatırımcıların odağında.
CRDL	CRDL bilançosunu açıkladı.
PSMT	PriceSmart, Inc. yeni yatırım planını duyurdu.
N225	N225 bugün yatırımcıların odağında.
CNOB	CNOB yeni yatırım planını duyurdu.
NMRA	NMRA bugün yatırımcıların odağında.
KVHI	KVH Industries, Inc. bilançosunu açıkladı.
AAON	AAON bilançosunu açıkladı.
ADI	ADI bugün yatırımcıların odağında.
IRDM	Iridium Communications Inc bilançosunu açıkladı.
APYX	APYX bugün yatırımcıların odağında.
RDAC	RDAC bilançosunu açıkladı.
SPPL	SPPL bugün yatırımcıların odağında.
SDHI	Siddhi Acquisition Corp yeni yatırım planını duyurdu.
COCP	COCP hisseleri yükseldi.
TROW	TROW bilançosunu açıkladı.
RALYH	RAL YATIRIM HOLD?NG A.?. yeni yatırım planını duyurdu.
NCMI	NCMI yeni yatırım planını duyurdu.
SOUN	SOUN bugün yatırımcıların odağında.
GRAL	GRAL bugün yatırımcıların odağında.
MVST	MVST bilançosunu açıkladı.
GOCO	GOCO bilançosunu açıkladı.
TRAW	TRAW hisseleri yükseldi.
VBIX	VBIX bugün yatırımcıların odağında.
AOUT	AOUT yeni yatırım planını duyurdu.
ICUGS	ICU G?R???M SERMAYES? YATIRIM ORTAKLI?I A.?. hisseleri yükseldi.
EXOZ	eXoZymes Inc. bugün yatırımcıların odağında.
ALT	ALT yeni yatırım planını duyurdu.
HTOO	HTOO yeni yatırım planını duyurdu.
SELX	Semilux International Ltd. yeni yatırım planını duyurdu.
CDT	CDT Equity Inc. yeni yatırım planını duyurdu.
AXG	Solowin Holdings bugün yatırımcıların odağında.
GCT	GCT yeni yatırım planını duyurdu.
THRM	THRM bilançosunu açıkladı.
HTCR	HTCR bilançosunu açıkladı.
REFI	REFI yeni yatırım planını duyurdu.
LWAC	LightWave Acquisition Corp. yeni yatırım planını duyurdu.
GMEX	GMEX ROBOTICS CORPORATION hisseleri yükseldi.
KPLT	Katapult Holdings, Inc. hisseleri yükseldi.
DOO	BRP Inc. yeni yatırım planını duyurdu.
NTLA	NTLA yeni yatırım planını duyurdu.
IZM	ICZOOM Group Inc. bugün yatırımcıların odağında.
DOMO	Domo, Inc. hisseleri yükseldi.
TRI	Thomson Reuters Corp bugün yatırımcıların odağında.
RAYA	RAYA yeni yatırım planını duyurdu.
GRAB	Here’s What BofA Securities Thinks About Grab Holdings Ltd (GRAB)
TJGC	TJGC Group Limited yeni yatırım planını duyurdu.
TVRD	Tvardi Therapeutics, Inc. bugün yatırımcıların odağında.
PLUT	Plutus Financial Group Limited hisseleri yükseldi.
LMNR	Limoneira Co yeni yatırım planını duyurdu.
SMSI	SMSI hisseleri yükseldi.
DORM	DORM bugün yatırımcıların odağında.
YTRA	YTRA bugün yatırımcıların odağında.
CRNX	CRNX yeni yatırım planını duyurdu.
THYAO	TURK HAVA YOLLARI A.O. hisseleri yükseldi.
CLBT	CLBT yeni yatırım planını duyurdu.
AVPT	AvePoint, Inc. bilançosunu açıkladı.
LAFA	LaFayette Acquisition Corp. yeni yatırım planını duyurdu.
CBFV	CB Financial Services, Inc. hisseleri yükseldi.
CULP	Culp, Inc. yeni yatırım planını duyurdu.
ROOT	ROOT bilançosunu açıkladı.
GTEN	GTEN hisseleri yükseldi.
DFSC	DFSC bugün yatırımcıların odağında.
PRHI	Presurance Holdings, Inc. yeni yatırım planını duyurdu.
AGRZ	AGRZ yeni yatırım planını duyurdu.
USAU	USAU hisseleri yükseldi.
UTHR	UTHR hisseleri yükseldi.
GRAN	Grande Group Limited yeni yatırım planını duyurdu.
LKMNH	LOKMAN HEK?M ENGÜRÜSA? SA?LIK TUR?ZM E??T?M H?ZMETLER? VE ?N?AAT TAAHHÜT A.?. yeni yatırım planını duyurdu.
AYGAZ	AYGAZ A.?. bilançosunu açıkladı.
YUNSA	YÜNSA YÜNLÜ SANAY? VE T?CARET A.?. bilançosunu açıkladı.
CSTL	CSTL hisseleri yükseldi.
SLDB	SLDB yeni yatırım planını duyurdu.
GSM	Ferroglobe PLC hisseleri yükseldi.
GAUZ	GAUZ yeni yatırım planını duyurdu.
KONKA	KONYA KA?IT SANAY? VE T?CARET A.?. yeni yatırım planını duyurdu.
AZTEK	AZTEK TEKNOLOJ? ÜRÜNLER? T?CARET A.?. yeni yatırım planını duyurdu.
OVID	Ovid Therapeutics Inc. hisseleri yükseldi.
KSTUR	KU?TUR KU?ADASI TUR?ZM ENDÜSTR?S? A.?. bugün yatırımcıların odağında.
YDDL	YDDL bugün yatırımcıların odağında.
PEGA	PEGA bugün yatırımcıların odağında.
GLND	GLND hisseleri yükseldi.
LIDFA	L?DER FAKTOR?NG A.?. yeni yatırım planını duyurdu.
DRH	Diamondrock Hospitality Company hisseleri yükseldi.
INO	Inovio Pharmaceuticals, Inc. hisseleri yükseldi.
HRMY	HRMY bilançosunu açıkladı.
MRVI	MRVI bugün yatırımcıların odağında.
TOGG	Togg bugün yatırımcıların odağında.
KEQU	Kewaunee Scientific Corporation bugün yatırımcıların odağında.
SKIN	The Beauty Health Company yeni yatırım planını duyurdu.
REBN	Reborn Coffee, Inc. yeni yatırım planını duyurdu.
LIDR	AEye, Inc. yeni yatırım planını duyurdu.
ECILC	ECILC bilançosunu açıkladı.
ACGL	Arch Capital Group Ltd. yeni yatırım planını duyurdu.
AKBNK	AKBNK kredi karti harcamalarindaki ivmeyle destek buldu
IIH	IIH bugün yatırımcıların odağında.
ORIQ	Origin Investment Corp I hisseleri yükseldi.
LUCD	Lucid Diagnostics Inc. bilançosunu açıkladı.
BTC	Bitcoin 78 bin doları test etti: Kripto piyasasında yükseliş rüzgarı ve yeni zirve beklentisi! - A Para
KYNB	KYNB bilançosunu açıkladı.
CUB	CUB hisseleri yükseldi.
KSCP	Knightscope, Inc. bilançosunu açıkladı.
EGHT	8x8 Inc bilançosunu açıkladı.
EGEEN	EGE ENDUSTR? VE T?CARET A.?. bugün yatırımcıların odağında.
VERA	VERA bilançosunu açıkladı.
CHYM	CHYM hisseleri yükseldi.
NCI	NCI bilançosunu açıkladı.
ADTN	ADTN bugün yatırımcıların odağında.
VAKBN	Vakıfbank sermaye yeterlilik rasyosunu guclendirecek adimlar atiyor
PHVS	PHVS yeni yatırım planını duyurdu.
ZBAO	ZBAO bilançosunu açıkladı.
TAOP	Taoping Inc. bugün yatırımcıların odağında.
OSUR	OraSure Technologies, Inc. bugün yatırımcıların odağında.
RWAY	RWAY bugün yatırımcıların odağında.
SYM	SYM bugün yatırımcıların odağında.
VAKKO	VAKKO TEKST?L VE HAZIR G?Y?M SANAY? ??LETMELER? A.?. hisseleri yükseldi.
HST	Host Hotels & Resorts, Inc. bugün yatırımcıların odağında.
GRCE	Grace Therapeutics, Inc. hisseleri yükseldi.
KVAC	KVAC yeni yatırım planını duyurdu.
CMCT	CMCT hisseleri yükseldi.
IDXX	IDEXX Laboratories, Inc. hisseleri yükseldi.
MKSI	MKSI bilançosunu açıkladı.
CHSN	Chanson International Holding yeni yatırım planını duyurdu.
IBKR	IBKR yeni yatırım planını duyurdu.
ENSRI	ENSRI hisseleri yükseldi.
FOFO	FOFO hisseleri yükseldi.
ODD	ODD hisseleri yükseldi.
BMRC	BMRC yeni yatırım planını duyurdu.
STNE	STNE bilançosunu açıkladı.
TLNC	TLNC hisseleri yükseldi.
USAR	USAR hisseleri yükseldi.
RUSHA	RUSHA bugün yatırımcıların odağında.
SURG	SURG hisseleri yükseldi.
CLIR	ClearSign Technologies Corporation hisseleri yükseldi.
POWI	POWI hisseleri yükseldi.
LOGO	LOGO abonelik bazli bulut gelirlerini buyutmeye devam ediyor
IESC	IES Holdings, Inc. bugün yatırımcıların odağında.
SMID	SMID hisseleri yükseldi.
VERI	VERI yeni yatırım planını duyurdu.
TREE	TREE bilançosunu açıkladı.
GOLTS	GOLTS bilançosunu açıkladı.
SHEN	Shenandoah Telecommunications Co bilançosunu açıkladı.
TATGD	TATGD bugün yatırımcıların odağında.
MVIS	MVIS bilançosunu açıkladı.
SMTC	Semtech Corporation bilançosunu açıkladı.
NTRB	Nutriband Inc. bugün yatırımcıların odağında.
AEBI	AEBI bilançosunu açıkladı.
CCLD	CCLD hisseleri yükseldi.
CPIX	CPIX hisseleri yükseldi.
KIMMR	ERSAN ALI?VER?? H?ZMETLER? VE GIDA SANAY? T?CARET A.?. hisseleri yükseldi.
DJT	DJT bilançosunu açıkladı.
NATR	Nature's Sunshine Products, Inc. bilançosunu açıkladı.
PLTS	PLTS bilançosunu açıkladı.
CSCO	CSCO bugün yatırımcıların odağında.
UK10Y	UK Gilt 10 Year bugün yatırımcıların odağında.
TRIP	TripAdvisor, Inc. yeni yatırım planını duyurdu.
NRIX	Nurix Therapeutics, Inc. bilançosunu açıkladı.
PKENT	PETROKENT TUR?ZM A.?. bilançosunu açıkladı.
TDIC	TDIC bugün yatırımcıların odağında.
XAGUSD	Silver Spot bugün yatırımcıların odağında.
RGCO	RGC Resources Inc. yeni yatırım planını duyurdu.
JAGX	Jaguar Health, Inc. bugün yatırımcıların odağında.
PMTS	CPI Card Group Inc. bilançosunu açıkladı.
SKTAS	SOKTA? TEKST?L SANAY? VE T?CARET A.?. yeni yatırım planını duyurdu.
BJDX	BJDX bilançosunu açıkladı.
ACB	Aurora Cannabis Inc. bilançosunu açıkladı.
AHGAZ	AHGAZ yeni yatırım planını duyurdu.
NDSN	NDSN bugün yatırımcıların odağında.
DLTH	DLTH hisseleri yükseldi.
MSFT	Microsoft Higher Ahead Of Magnificent Seven Earnings; Is Microsoft A Buy Now?
SUMAS	SUMA? SUN? TAHTA VE MOB?LYA SANAY? A.?. yeni yatırım planını duyurdu.
KRMD	KORU Medical Systems, Inc. bugün yatırımcıların odağında.
FEMY	Femasys Inc. hisseleri yükseldi.
NKLR	Terra Innovatum Global N.V. yeni yatırım planını duyurdu.
VRSN	VRSN bugün yatırımcıların odağında.
WIX	Wix.com Ltd. yeni yatırım planını duyurdu.
SNPS	SNPS yeni yatırım planını duyurdu.
NVVE	Nuvve Holding Corp. hisseleri yükseldi.
CCEC	CCEC hisseleri yükseldi.
GO	Grocery Outlet Holding Corp. hisseleri yükseldi.
LAUR	LAUR bugün yatırımcıların odağında.
FRIGO	FR?GO-PAK GIDA MADDELER? SANAY? VE T?CARET A.?. bilançosunu açıkladı.
INTS	INTS yeni yatırım planını duyurdu.
RMSG	RMSG hisseleri yükseldi.
CPSH	CPSH yeni yatırım planını duyurdu.
AVGO	Benchmark Bullish on Broadcom (AVGO), Here’s What the Firm Thinks About Meta Deal
SIGA	SIGA Technologies Inc. bugün yatırımcıların odağında.
IMKTA	IMKTA hisseleri yükseldi.
JMSB	JMSB bilançosunu açıkladı.
UDMY	Udemy, Inc. bilançosunu açıkladı.
CELU	Celularity Inc. bilançosunu açıkladı.
VAKBN	VAKBN kamu destekli finansman paketleriyle gundemde kaldi
PEP	PEP yeni yatırım planını duyurdu.
ATER	ATER hisseleri yükseldi.
TTEK	TTEK bugün yatırımcıların odağında.
MERIT	MER?T TUR?ZM YATIRIM VE ??LETME A.?. bugün yatırımcıların odağında.
ARCT	Arcturus Therapeutics Holdings Inc. yeni yatırım planını duyurdu.
ALKS	ALKS bugün yatırımcıların odağında.
IZINV	?Z YATIRIM HOLD?NG A.?. bilançosunu açıkladı.
AIIO	Robo.ai Inc. bugün yatırımcıların odağında.
ALLT	Allot Ltd. bugün yatırımcıların odağında.
HSIC	Henry Schein, Inc. bilançosunu açıkladı.
GRSEL	GÜR-SEL TUR?ZM TA?IMACILIK VE SERV?S T?CARET A.?. bugün yatırımcıların odağında.
SGP	SpyGlass Pharma, Inc. hisseleri yükseldi.
ALMU	Aeluma, Inc. bugün yatırımcıların odağında.
SANEL	SAN-EL MUHEND?SL?K ELEKTR?K TAAHHUT SANAY? VE T?CARET A.?. hisseleri yükseldi.
CSWC	Capital Southwest Corporation yeni yatırım planını duyurdu.
DFDV	DeFi Development Corp. bilançosunu açıkladı.
ETHM	ETHM yeni yatırım planını duyurdu.
BEEM	Beam Global bilançosunu açıkladı.
FGII	FGII bugün yatırımcıların odağında.
EURJPY	EUR/JPY bugün yatırımcıların odağında.
EVRG	Evergy, Inc. hisseleri yükseldi.
CELZ	Creative Medical Technology Holdings, Inc. bugün yatırımcıların odağında.
ELTK	Eltek Ltd. bugün yatırımcıların odağında.
LIF	LIF hisseleri yükseldi.
KNFRT	KONFRUT GIDA SANAY? VE T?CARET A.?. bilançosunu açıkladı.
ZCMD	Zhongchao Inc. yeni yatırım planını duyurdu.
OSS	OSS hisseleri yükseldi.
KYTX	KYTX bugün yatırımcıların odağında.
QUIK	QUIK bilançosunu açıkladı.
RDZN	Roadzen, Inc. bugün yatırımcıların odağında.
PALLADIUM	Palladium fiyatları yükselişe geçti.
USCB	USCB bilançosunu açıkladı.
BLDP	Ballard Power Systems, Inc. bilançosunu açıkladı.
FFIN	First Financial Bankshares, Inc. bilançosunu açıkladı.
BASGZ	BA?KENT DO?ALGAZ DA?ITIM GAYR?MENKUL YATIRIM ORTAKLI?I A.?. bilançosunu açıkladı.
DOGE	Dogecoin yatırımcı ilgisi gördü.
PSTV	PLUS THERAPEUTICS, Inc. hisseleri yükseldi.
LGND	Ligand Pharmaceuticals Incorporated bugün yatırımcıların odağında.
BTCIM	BATIÇ?M BATI ANADOLU Ç?MENTO SANAY?? A.?. yeni yatırım planını duyurdu.
LONA	LONA hisseleri yükseldi.
BRLT	BRLT yeni yatırım planını duyurdu.
HAS	Hasbro, Inc. hisseleri yükseldi.
TPST	TPST hisseleri yükseldi.
MLAB	Mesa Laboratories, Inc. yeni yatırım planını duyurdu.
UVSP	UVSP bugün yatırımcıların odağında.
TTKOM	TTKOM veri merkezi yatirim planini yil sonuna kadar netlestirecek
QSI	Quantum-Si Incorporated bilançosunu açıkladı.
IOVA	Iovance Biotherapeutics Inc (IOVA): Jefferies Draws Attention Amtagvi Drug
RIVN	RIVN hisseleri yükseldi.
AIRT	Air T, Inc. bilançosunu açıkladı.
LBTYB	Liberty Global Ltd. hisseleri yükseldi.
MMYT	MakeMyTrip Limited yeni yatırım planını duyurdu.
ONB	Old National Bancorp bugün yatırımcıların odağında.
BRCB	Black Rock Coffee Bar, Inc. yeni yatırım planını duyurdu.
DMII	Drugs Made In America Acquisition II Corp. hisseleri yükseldi.
CEPS	Cantor Equity Partners VI, Inc. bugün yatırımcıların odağında.
AEIS	Advanced Energy Industries, Inc. hisseleri yükseldi.
VTVT	VTVT yeni yatırım planını duyurdu.
BASCM	BASCM yeni yatırım planını duyurdu.
VAKFN	VAKFN bilançosunu açıkladı.
GRML	GRML bugün yatırımcıların odağında.
NRIM	NRIM hisseleri yükseldi.
EXLS	ExlService Holdings, Inc. hisseleri yükseldi.
BLZR	Trailblazer Acquisition Corp. hisseleri yükseldi.
CREG	Smart Powerr Corp. bilançosunu açıkladı.
DUO	Fangdd Network Group Ltd. bugün yatırımcıların odağında.
SISE	Sisecam ihracat pazarlarindaki talep canlanmasini yakindan izliyor
SFHG	Samfine Creation Holdings Group Limited bugün yatırımcıların odağında.
ABNB	ABNB bilançosunu açıkladı.
INTJ	INTJ bugün yatırımcıların odağında.
ADMA	ADMA Biologics Inc hisseleri yükseldi.
CHEC	CHEC hisseleri yükseldi.
CME	CME Group Inc. hisseleri yükseldi.
ECZYT	ECZACIBA?I YATIRIM HOLD?NG ORTAKLI?I A.?. bilançosunu açıkladı.
IMPP	Imperial Petroleum Inc. hisseleri yükseldi.
SNEX	StoneX Group Inc. hisseleri yükseldi.
PEPG	PEPG bilançosunu açıkladı.
HCAC	HCAC bilançosunu açıkladı.
NEUP	Neuphoria Therapeutics Inc. yeni yatırım planını duyurdu.
EVOX	EVOX bugün yatırımcıların odağında.
CURX	CURX yeni yatırım planını duyurdu.
HALO	Halozyme Therapeutics, Inc. hisseleri yükseldi.
LOGO	Logo Yazilim KOBI tarafinda yeni urun lansmanina hazirlaniyor
AUPH	Aurinia Pharmaceuticals Inc yeni yatırım planını duyurdu.
IPST	IP Strategy Holdings, Inc. hisseleri yükseldi.
CVGI	CVGI hisseleri yükseldi.
TXMD	TXMD yeni yatırım planını duyurdu.
DHIL	Diamond Hill Investment Group, Inc. yeni yatırım planını duyurdu.
SHLS	Shoals Technologies Group, Inc. bilançosunu açıkladı.
TRIN	Trinity Capital Inc. hisseleri yükseldi.
TOI	The Oncology Institute, Inc. yeni yatırım planını duyurdu.
SBLK	Star Bulk Carriers Corp. bilançosunu açıkladı.
YYGH	YYGH hisseleri yükseldi.
LHAI	LHAI bilançosunu açıkladı.
PLMR	Palomar Holdings, Inc. hisseleri yükseldi.
SGML	Sigma Lithium Corporation yeni yatırım planını duyurdu.
BANVT	BANV?T BANDIRMA V?TAM?NL? YEM SANAY?? A.?. hisseleri yükseldi.
SVAQ	SVAQ hisseleri yükseldi.
GREE	Greenidge Generation Holdings Inc. hisseleri yükseldi.
OVLY	Oak Valley Bancorp (CA) yeni yatırım planını duyurdu.
ALHC	ALHC yeni yatırım planını duyurdu.
GP	GreenPower Motor Company Inc. bilançosunu açıkladı.
EURGBP	EURGBP paritesinde oynaklık arttı.
QNBFL	QNBFL yeni yatırım planını duyurdu.
ONCO	Onconetix, Inc. yeni yatırım planını duyurdu.
NETAS	NETAS kamu ve savunma projeleriyle siparis birikimini artiriyor
ISPC	iSpecimen Inc. bilançosunu açıkladı.
NDRA	ENDRA Life Sciences Inc. yeni yatırım planını duyurdu.
XWIN	XWIN yeni yatırım planını duyurdu.
TLSA	TLSA hisseleri yükseldi.
SHPH	SHPH bugün yatırımcıların odağında.
LGVN	LGVN hisseleri yükseldi.
PRQR	PRQR hisseleri yükseldi.
DOT	Polkadot bugün yatırımcıların odağında.
PAVM	PAVM bugün yatırımcıların odağında.
TPCS	TechPrecision Corporation bilançosunu açıkladı.
VITL	Vital Farms, Inc. hisseleri yükseldi.
MRNA	MRNA hisseleri yükseldi.
WWD	Woodward, Inc. hisseleri yükseldi.
ORMP	ORMP hisseleri yükseldi.
ROCK	ROCK yeni yatırım planını duyurdu.
SCKT	SCKT yeni yatırım planını duyurdu.
ANPA	Rich Sparkle Holdings Limited bilançosunu açıkladı.
AUR	AUR bilançosunu açıkladı.
LKFN	LKFN bugün yatırımcıların odağında.
RVMD	Revolution Medicines, Inc. yeni yatırım planını duyurdu.
IBCP	IBCP yeni yatırım planını duyurdu.
HUMA	HUMA yeni yatırım planını duyurdu.
KRPLS	KOROPLAST TEM?ZL?K AMBALAJ URUNLER? SANAY? VE DI? T?CARET A.?. bugün yatırımcıların odağında.
GLRYH	GÜLER YATIRIM HOLD?NG A.?. hisseleri yükseldi.
HTLD	HTLD hisseleri yükseldi.
LQDA	LQDA bilançosunu açıkladı.
SGA	Saga Communications, Inc. bugün yatırımcıların odağında.
GCTK	GlucoTrack, Inc. hisseleri yükseldi.
WKSP	Worksport, Ltd. bilançosunu açıkladı.
QRVO	Qorvo, Inc. hisseleri yükseldi.
DYOR	DYOR bugün yatırımcıların odağında.
ALCY	ALCY bugün yatırımcıların odağında.
VYGR	Voyager Therapeutics, Inc. yeni yatırım planını duyurdu.
NSIT	NSIT bilançosunu açıkladı.
NWPX	NWPX yeni yatırım planını duyurdu.
SPRO	Spero Therapeutics, Inc. bugün yatırımcıların odağında.
XTIA	XTIA bilançosunu açıkladı.
FMFC	FMFC bilançosunu açıkladı.
HUBC	HUBC bugün yatırımcıların odağında.
TSCO	Tractor Supply Company bilançosunu açıkladı.
TNDM	Tandem Diabetes Care, Inc. hisseleri yükseldi.
TH	Target Hospitality Corp. hisseleri yükseldi.
DMSAS	DEM?SA? DOKUM EMAYE MAMULLER? SANAY? A.?. bugün yatırımcıların odağında.
QTI	QT Imaging Holdings, Inc. bilançosunu açıkladı.
SERV	Serve Robotics Inc. yeni yatırım planını duyurdu.
CRMT	CRMT bilançosunu açıkladı.
EFTY	EFTY hisseleri yükseldi.
AEI	Alset Inc. bilançosunu açıkladı.
FCCO	FCCO bilançosunu açıkladı.
SEDG	SolarEdge Technologies, Inc. bilançosunu açıkladı.
LTC	LTC bugün yatırımcıların odağında.
GENTS	GENTS yeni yatırım planını duyurdu.
YXT	YXT yeni yatırım planını duyurdu.
INDV	INDV yeni yatırım planını duyurdu.
SPX	S&P 500 günü yükselişle tamamladı.
EKGYO	Emlak Konut konut kredisi faizlerindeki degisimi yakindan izliyor
NVMI	NVMI yeni yatırım planını duyurdu.
TTKOM	Türk Telekom fiber yatirimlarinin geri donusunu takip ediyor
TTGT	TechTarget, Inc. hisseleri yükseldi.
PTLO	Portillo's Inc. yeni yatırım planını duyurdu.
KOSS	KOSS bilançosunu açıkladı.
AIRE	AIRE yeni yatırım planını duyurdu.
TYRA	Tyra Biosciences, Inc. hisseleri yükseldi.
LAMR	Lamar Advertising Company hisseleri yükseldi.
DMRGD	DMRGD yeni yatırım planını duyurdu.
TUPRS	Tüpraş planli bakim sonrasinda kapasite kullanimini artirmayi hedefliyor
YKBNK	YKBNK aktif kalitesindeki dengeli seyirle izleniyor
FWRG	First Watch Restaurant Group, Inc. hisseleri yükseldi.
NSTS	NSTS Bancorp, Inc. bilançosunu açıkladı.
RXST	RxSight, Inc. hisseleri yükseldi.
SRPT	Sarepta Therapeutics, Inc. hisseleri yükseldi.
GVH	GVH hisseleri yükseldi.
PLAY	PLAY bugün yatırımcıların odağında.
CCSI	CCSI yeni yatırım planını duyurdu.
OGI	Organigram Global Inc. bilançosunu açıkladı.
CDNL	CDNL bugün yatırımcıların odağında.
SCII	SC II Acquisition Corp. bilançosunu açıkladı.
SANA	Sana Biotechnology, Inc. bilançosunu açıkladı.
MAVI	MAV? G?Y?M SANAY? VE T?CARET A.?. yeni yatırım planını duyurdu.
HVII	Hennessy Capital Investment Corp. VII hisseleri yükseldi.
RGP	Resources Connection, Inc. bilançosunu açıkladı.
BTAI	BTAI yeni yatırım planını duyurdu.
MASS	908 Devices Inc. yeni yatırım planını duyurdu.
VRA	VRA bilançosunu açıkladı.
SLE	SLE bugün yatırımcıların odağında.
MAYS	J. W. Mays, Inc. yeni yatırım planını duyurdu.
CNEY	CNEY yeni yatırım planını duyurdu.
KRVGD	KRVGD yeni yatırım planını duyurdu.
CVLT	CVLT hisseleri yükseldi.
DXPE	DXP Enterprises, Inc. yeni yatırım planını duyurdu.
KRDMB	KARDEM?R KARABÜK DEM?R ÇEL?K SANAY? VE T?CARET A.?. bugün yatırımcıların odağında.
FLEX	FLEX hisseleri yükseldi.
BVS	Bioventus Inc. hisseleri yükseldi.
AGH	AGH bilançosunu açıkladı.
ELUT	Elutia, Inc. hisseleri yükseldi.
CZWI	CZWI hisseleri yükseldi.
SPX	US Stock Market Today S&P 500 Futures Edge Higher On Softer Inflation Signals - Yahoo Finance
TXRH	Texas Roadhouse, Inc. bilançosunu açıkladı.
CREX	CREX yeni yatırım planını duyurdu.
LIDER	LIDER bugün yatırımcıların odağında.
CRVS	CRVS bilançosunu açıkladı.
GRWG	GRWG hisseleri yükseldi.
PSKY	PSKY bugün yatırımcıların odağında.
FEIM	FEIM bilançosunu açıkladı.
ORRF	ORRF yeni yatırım planını duyurdu.
OZK	OZK bugün yatırımcıların odağında.
ASML	ASML yeni yatırım planını duyurdu.
XWEL	XWEL hisseleri yükseldi.
GPRO	GoPro, Inc. hisseleri yükseldi.
AGIO	Agios Pharmaceuticals, Inc. hisseleri yükseldi.
PARSN	PARSAN MAK?NA PARÇALARI SANAY?? A.?. hisseleri yükseldi.
CNVS	Cineverse Corp. bugün yatırımcıların odağında.
RODRG	RODRG hisseleri yükseldi.
DVG	Deniz Portfoy Gumus Fonu bugün yatırımcıların odağında.
ECOR	ECOR hisseleri yükseldi.
LGN	Legence Corp. bugün yatırımcıların odağında.
RELL	Richardson Electronics, Ltd. hisseleri yükseldi.
EURUSD	EURUSD paritesi ABD verileri sonrasinda toparlanma aradi
AVR	Anteris Technologies Global Corp. bugün yatırımcıların odağında.
SAHOL	Sabanci Holding finansal sonuclarini aciklamaya hazirlaniyor
FLNT	Fluent, Inc. bugün yatırımcıların odağında.
AFYON	AFYON Ç?MENTO SANAY? T.A.?. hisseleri yükseldi.
KINS	KINS yeni yatırım planını duyurdu.
POCI	POCI bilançosunu açıkladı.
CSHR	CSHR hisseleri yükseldi.
NKTX	Nkarta, Inc. bugün yatırımcıların odağında.
BSVN	BSVN yeni yatırım planını duyurdu.
CNSP	CNSP bugün yatırımcıların odağında.
YONGA	YONGA MOB?LYA SANAY? VE T?CARET A.?. yeni yatırım planını duyurdu.
BNRG	BNRG bugün yatırımcıların odağında.
ISBIR	??B?R HOLD?NG A.?. yeni yatırım planını duyurdu.
NNNN	Anbio Biotechnology yeni yatırım planını duyurdu.
JSPR	JSPR bilançosunu açıkladı.
KTLEV	KTLEV hisseleri yükseldi.
PFX	PFX bilançosunu açıkladı.
KCHOL	Koç bilançosunu açıkladı.
RIOT	Riot Platforms, Inc. bilançosunu açıkladı.
NEOG	Neogen Corporation hisseleri yükseldi.
ONCH	1RT Acquisition Corp. yeni yatırım planını duyurdu.
XCUR	Exicure, Inc. yeni yatırım planını duyurdu.
PXLW	PXLW yeni yatırım planını duyurdu.
EBMT	EBMT hisseleri yükseldi.
LITS	LITS bilançosunu açıkladı.
SISE	SISE duzcam talebindeki toparlanmayla sanayi hisseleri arasinda ayristi
PRZMA	PRZMA bilançosunu açıkladı.
NTNX	Nutanix, Inc. hisseleri yükseldi.
BKHA	BKHA hisseleri yükseldi.
BIYA	BIYA yeni yatırım planını duyurdu.
AACO	AACO yeni yatırım planını duyurdu.
PCB	PCB hisseleri yükseldi.
DLPN	DLPN bilançosunu açıkladı.
WVE	Wave Life Sciences Ltd. yeni yatırım planını duyurdu.
ASPI	ASPI yeni yatırım planını duyurdu.
CRIS	Curis, Inc. bugün yatırımcıların odağında.
RAY	RAY hisseleri yükseldi.
NEXM	NEXM bilançosunu açıkladı.
YKBNK	Yapi Kredi bireysel musteri tabanini genisletmeyi surduruyor
CIFR	CIFR hisseleri yükseldi.
SKYX	SKYX bugün yatırımcıların odağında.
TELA	TELA bilançosunu açıkladı.
TIL	TIL yeni yatırım planını duyurdu.
FBRX	FBRX bugün yatırımcıların odağında.
LMB	LMB hisseleri yükseldi.
BRLSM	B?RLE??M MUHEND?SL?K ISITMA SO?UTMA HAVALANDIRMA SANAY? VE T?CARET A.?. bugün yatırımcıların odağında.
IPAR	Interparfums, Inc. yeni yatırım planını duyurdu.
EPOW	EPOW bilançosunu açıkladı.
F_THYAO	THY vadeli bugün yatırımcıların odağında.
EVER	EverQuote, Inc. yeni yatırım planını duyurdu.
TATEN	TATEN yeni yatırım planını duyurdu.
EUKYO	EUKYO hisseleri yükseldi.
DTI	Drilling Tools International Corporation bilançosunu açıkladı.
AYCES	ALTIN YUNUS ÇE?ME TUR?ST?K TES?SLER A.?. bilançosunu açıkladı.
ESEN	ESENBO?A ELEKTR?K URET?M A.?. yeni yatırım planını duyurdu.
UAL	UAL bilançosunu açıkladı.
ARAY	Accuray Incorporated yeni yatırım planını duyurdu.
BAGFS	BAGFA? BANDIRMA GUBRE FABR?KALARI A.?. hisseleri yükseldi.
RIGL	RIGL hisseleri yükseldi.
LAND	LAND bilançosunu açıkladı.
ARTNA	ARTNA bilançosunu açıkladı.
SATL	Satellogic Inc. yeni yatırım planını duyurdu.
ANNA	ANNA bugün yatırımcıların odağında.
TVTX	TVTX hisseleri yükseldi.
CAPN	Cayson Acquisition Corp bugün yatırımcıların odağında.
INGRM	INGRAM M?CRO B?L???M S?STEMLER? A.?. bugün yatırımcıların odağında.
LILA	LILA yeni yatırım planını duyurdu.
FFIV	FFIV bilançosunu açıkladı.
EXEL	Exelixis, Inc. hisseleri yükseldi.
STBA	STBA yeni yatırım planını duyurdu.
OPK	Opko Health, Inc. yeni yatırım planını duyurdu.
RMCF	RMCF yeni yatırım planını duyurdu.
ORKA	ORKA hisseleri yükseldi.
SPWR	SPWR yeni yatırım planını duyurdu.
BAER	BAER bugün yatırımcıların odağında.
BTCT	BTC Digital Ltd. bilançosunu açıkladı.
MIMI	MIMI hisseleri yükseldi.
BCH	Bitcoin Cash bugün yatırımcıların odağında.
PRZO	PRZO bilançosunu açıkladı.
GARAN	GARAN komisyon gelirlerindeki artisla piyasanin takibinde kaldi
VSME	VS Media Holdings Limited bilançosunu açıkladı.
PTOR	Praetorian Acquisition Corp. bilançosunu açıkladı.
STX	STX bilançosunu açıkladı.
ICFI	ICF International, Inc. hisseleri yükseldi.
ASTE	ASTE bugün yatırımcıların odağında.
IJA	IJA bugün yatırımcıların odağında.
SONO	Sonos, Inc. bugün yatırımcıların odağında.
PIII	PIII bugün yatırımcıların odağında.
CCII	CCII bilançosunu açıkladı.
CLFD	Clearfield, Inc. bilançosunu açıkladı.
SION	SION bilançosunu açıkladı.
BCBP	BCB Bancorp, Inc. (NJ) hisseleri yükseldi.
CFBK	CF Bankshares Inc. bilançosunu açıkladı.
ALM	Almonty Industries Inc. bilançosunu açıkladı.
KLXE	KLXE bugün yatırımcıların odağında.
SEZL	Sezzle Inc. bilançosunu açıkladı.
AKMGY	AKMGY yeni yatırım planını duyurdu.
KTM	Is Portfoy Altin Fonu bugün yatırımcıların odağında.
AMTX	AMTX bilançosunu açıkladı.
CCBG	Capital City Bank Group yeni yatırım planını duyurdu.
CCOLA	COCA-COLA ?CECEK A.?. bilançosunu açıkladı.
CUE	CUE yeni yatırım planını duyurdu.
URBN	URBN bugün yatırımcıların odağında.
GPAC	General Purpose Acquisition Corp. bilançosunu açıkladı.
LINC	Lincoln Educational Services Corporation hisseleri yükseldi.
THFF	First Financial Corporation yeni yatırım planını duyurdu.
EDATA	EDATA hisseleri yükseldi.
CRVO	CRVO yeni yatırım planını duyurdu.
SNES	SNES bilançosunu açıkladı.
SBFM	Sunshine Biopharma Inc. yeni yatırım planını duyurdu.
SOWG	Sow Good Inc. yeni yatırım planını duyurdu.
MAMK	MAMK bilançosunu açıkladı.
MGRT	MGRT hisseleri yükseldi.
EUDA	Euda Health Holdings Limited yeni yatırım planını duyurdu.
TEAD	Teads Holding Co. bugün yatırımcıların odağında.
USIO	Usio, Inc. hisseleri yükseldi.
TWFG	TWFG, Inc. bugün yatırımcıların odağında.
ALEC	Alector, Inc. bilançosunu açıkladı.
SILC	SILC bilançosunu açıkladı.
AIRG	Airgain, Inc. yeni yatırım planını duyurdu.
SVRA	Savara, Inc. bilançosunu açıkladı.
HWKN	Hawkins, Inc. bugün yatırımcıların odağında.
GOZDE	GÖZDE G?R???M SERMAYES? YATIRIM ORTAKLI?I A.?. hisseleri yükseldi.
HYPR	Hyperfine, Inc. hisseleri yükseldi.
LCCC	LCCC bilançosunu açıkladı.
TUPRS	TUPRAS rafineri marjlarindaki guclenmeyle one cikti
OBIO	Orchestra BioMed Holdings, Inc. hisseleri yükseldi.
BIMAS	BIM tedarik zinciri optimizasyonuyla marj baskisini sinirliyor
JTAI	Jet.AI Inc. bilançosunu açıkladı.
FCUV	FCUV yeni yatırım planını duyurdu.
RRGB	Red Robin Gourmet Burgers, Inc. yeni yatırım planını duyurdu.
DOGZ	Dogness (International) Corporation bilançosunu açıkladı.
IRON	IRON bugün yatırımcıların odağında.
INKT	MiNK Therapeutics, Inc. bugün yatırımcıların odağında.
EDUC	Educational Development Corporation hisseleri yükseldi.
ATYR	aTyr Pharma, Inc. hisseleri yükseldi.
ISTR	ISTR hisseleri yükseldi.
LHSW	LHSW hisseleri yükseldi.
WLDS	WLDS bugün yatırımcıların odağında.
BNB	BNB yatırımcı ilgisi gördü.
ISSEN	ISSEN yeni yatırım planını duyurdu.
AAOI	AAOI yeni yatırım planını duyurdu.
FLUX	Flux Power Holdings, Inc. bilançosunu açıkladı.
KRNY	Kearny Financial hisseleri yükseldi.
ARBE	Arbe Robotics Ltd. hisseleri yükseldi.
GARAN	Garanti Bankası bilançosunu açıkladı.
XPEL	XPEL bugün yatırımcıların odağında.
IKT	Inhibikase Therapeutics, Inc. bugün yatırımcıların odağında.
RAAQ	RAAQ bilançosunu açıkladı.
PRSO	PRSO bilançosunu açıkladı.
RDAG	Republic Digital Acquisition Company hisseleri yükseldi.
TVAI	Thayer Ventures Acquisition Corporation II bugün yatırımcıların odağında.
WAI	Top KingWin Ltd yeni yatırım planını duyurdu.
SOPA	Society Pass Incorporated bugün yatırımcıların odağında.
FTRE	Fortrea Holdings Inc. bugün yatırımcıların odağında.
SABR	Sabre Corporation yeni yatırım planını duyurdu.
NXT	NXT hisseleri yükseldi.
GESAN	GESAN bilançosunu açıkladı.
CLDX	Celldex Therapeutics, Inc. hisseleri yükseldi.
VCTR	Victory Capital Holdings, Inc. yeni yatırım planını duyurdu.
CAPR	CAPR hisseleri yükseldi.
F_SASA	F_SASA bugün yatırımcıların odağında.
CHCO	City Holding Company bilançosunu açıkladı.
TLPH	Talphera, Inc. yeni yatırım planını duyurdu.
AFRI	AFRI yeni yatırım planını duyurdu.
GSHD	Goosehead Insurance, Inc. hisseleri yükseldi.
RDNT	RadNet, Inc. hisseleri yükseldi.
TMCI	TMCI bilançosunu açıkladı.
GIX	GigCapital9 Corp. yeni yatırım planını duyurdu.
YAYLA	YAYLA yeni yatırım planını duyurdu.
DTCX	DTCX bilançosunu açıkladı.
UCTT	Ultra Clean Holdings, Inc. bugün yatırımcıların odağında.
ASGYO	ASGYO yeni yatırım planını duyurdu.
GNLN	Greenlane Holdings, Inc. bilançosunu açıkladı.
BCML	BayCom Corp hisseleri yükseldi.
SASA	SASA yeni yatırım planını duyurdu.
GT	The Goodyear Tire & Rubber Company yeni yatırım planını duyurdu.
EPSM	Epsium Enterprise Limited yeni yatırım planını duyurdu.
DNMX	Dynamix Corporation III yeni yatırım planını duyurdu.
OLED	Universal Display Corporation bilançosunu açıkladı.
LTBR	Lightbridge Corporation bugün yatırımcıların odağında.
ICMB	Investcorp Credit Management BDC, Inc. hisseleri yükseldi.
IHLAS	?HLAS HOLD?NG A.?. bilançosunu açıkladı.
BOOM	DMC Global Inc. yeni yatırım planını duyurdu.
PETUN	PINAR ENTEGRE ET VE UN SANAY?? A.?. yeni yatırım planını duyurdu.
GAIA	GAIA yeni yatırım planını duyurdu.
RFAI	RFAI hisseleri yükseldi.
LINE	Lineage, Inc. yeni yatırım planını duyurdu.
LILAK	Liberty Latin America Ltd. hisseleri yükseldi.
BMRA	Biomerica, Inc. bugün yatırımcıların odağında.
SNGX	Soligenix, Inc. bugün yatırımcıların odağında.
SIFY	SIFY hisseleri yükseldi.
JAKK	JAKK bilançosunu açıkladı.
EVGN	EVGN bugün yatırımcıların odağında.
CV	CapsoVision, Inc. bilançosunu açıkladı.
OPBK	OP Bancorp yeni yatırım planını duyurdu.
WCT	Wellchange Holdings Company Limited yeni yatırım planını duyurdu.
TGTX	TG Therapeutics, Inc. hisseleri yükseldi.
MXCT	MXCT hisseleri yükseldi.
SATS	SATS bilançosunu açıkladı.
ACHV	ACHV hisseleri yükseldi.
REPL	Replimune Group, Inc. bilançosunu açıkladı.
BCAL	California BanCorp bugün yatırımcıların odağında.
LYEL	LYEL hisseleri yükseldi.
KELYA	KELYA hisseleri yükseldi.
GRNYO	GRNYO yeni yatırım planını duyurdu.
PAPIL	PAPIL yeni yatırım planını duyurdu.
PLYX	PLYX bilançosunu açıkladı.
GBFH	GBFH bugün yatırımcıların odağında.
MU	Micron Technology, Inc. bugün yatırımcıların odağında.
GOVX	GOVX bugün yatırımcıların odağında.
PRDO	Perdoceo Education Corporation bilançosunu açıkladı.
CLMB	CLMB yeni yatırım planını duyurdu.
QTTB	Q32 Bio Inc. bilançosunu açıkladı.
COGT	Cogent Biosciences, Inc. bugün yatırımcıların odağında.
DZGYO	DEN?Z GAYR?MENKUL YATIRIM ORTAKLI?I A.?. bilançosunu açıkladı.
DCTH	DCTH hisseleri yükseldi.
ISCTR	ISCTR kurumsal kredi portfoyundeki artisla dikkat cekti
GLE	GLE yeni yatırım planını duyurdu.
BCTX	BriaCell Therapeutics Corp. bugün yatırımcıların odağında.
UYSC	UYSC bilançosunu açıkladı.
HTLM	HTLM bilançosunu açıkladı.
AIP	AIP hisseleri yükseldi.
IONS	IONS bugün yatırımcıların odağında.
GEN	GEN hisseleri yükseldi.
BVSAN	BVSAN bilançosunu açıkladı.
YBTAS	YBTAS bilançosunu açıkladı.
GGR	GGR bilançosunu açıkladı.
ALAB	ALAB hisseleri yükseldi.
TACO	TACO bilançosunu açıkladı.
PFBC	PFBC bilançosunu açıkladı.
MYGN	MYGN bilançosunu açıkladı.
BRTX	BioRestorative Therapies, Inc. bilançosunu açıkladı.
YAPRK	YAPRAK SÜT VE BES? Ç?FTL?KLER? SANAY? VE T?CARET A.?. bilançosunu açıkladı.
WAY	WAY yeni yatırım planını duyurdu.
CYPH	CYPH bugün yatırımcıların odağında.
INGN	Inogen, Inc yeni yatırım planını duyurdu.
CARL	Carlsmed, Inc. bilançosunu açıkladı.
ATAI	ATAI bugün yatırımcıların odağında.
DRIO	DarioHealth Corp. bugün yatırımcıların odağında.
DAIO	DAIO bilançosunu açıkladı.
ASELS	ASELS bakiye siparis buyukluguyle sektorde one cikiyor
ORIC	Oric Pharmaceuticals, Inc. hisseleri yükseldi.
MTRYO	MTRYO hisseleri yükseldi.
BZFD	BuzzFeed, Inc. hisseleri yükseldi.
NRC	NRC hisseleri yükseldi.
USLM	USLM bilançosunu açıkladı.
FSLR	FSLR bugün yatırımcıların odağında.
BBLG	BBLG hisseleri yükseldi.
LPBB	Launch Two Acquisition Corp. bugün yatırımcıların odağında.
PHUN	Phunware, Inc. bilançosunu açıkladı.
ENGS	Energys Group Limited yeni yatırım planını duyurdu.
RMBI	RMBI yeni yatırım planını duyurdu.
BIMAS	BIMAS sepet buyuklugundeki artisla operasyonel gucunu koruyor
CNCK	Coincheck Group N.V. bilançosunu açıkladı.
UPB	Upstream Bio, Inc. bugün yatırımcıların odağında.
CSGS	CSGS bugün yatırımcıların odağında.
HON	HON bugün yatırımcıların odağında.
LNKS	LNKS yeni yatırım planını duyurdu.
RDWR	Radware Ltd. yeni yatırım planını duyurdu.
KTSKR	KTSKR bilançosunu açıkladı.
DMAC	DiaMedica Therapeutics Inc. hisseleri yükseldi.
HLIT	Harmonic Inc. hisseleri yükseldi.
ICU	SeaStar Medical Holding Corporation bugün yatırımcıların odağında.
BACC	BACC bilançosunu açıkladı.
AMSF	AMERISAFE, Inc. bilançosunu açıkladı.
HOTH	Hoth Therapeutics, Inc. hisseleri yükseldi.
CUPR	Cuprina Holdings (Cayman) Limited yeni yatırım planını duyurdu.
MEGAP	MEGA POL?ET?LEN KÖPÜK SANAY? VE T?CARET A.?. bugün yatırımcıların odağında.
IAC	IAC bugün yatırımcıların odağında.
THYAO	THY kargo gelirlerindeki toparlanma ile ikinci ceyrege guclu giris yapti
AQST	AQST bilançosunu açıkladı.
OPTX	OPTX yeni yatırım planını duyurdu.
DAWN	DAWN hisseleri yükseldi.
UNCY	Unicycive Therapeutics, Inc. bilançosunu açıkladı.
BOBET	BOBET hisseleri yükseldi.
ODAS	ODAS yeni yatırım planını duyurdu.
SUWEN	SUWEN bugün yatırımcıların odağında.
ATAGY	ATAGY yeni yatırım planını duyurdu.
PLUR	PLUR hisseleri yükseldi.
OPRX	OPRX bugün yatırımcıların odağında.
NRSN	NeuroSense Therapeutics Ltd. bilançosunu açıkladı.
FCNCA	FCNCA yeni yatırım planını duyurdu.
MNY	MNY yeni yatırım planını duyurdu.
PMEC	PMEC hisseleri yükseldi.
US30Y	US Treasury 30 Year getirisi geriledi.
PLBC	PLBC bugün yatırımcıların odağında.
LIN	Linde plc bugün yatırımcıların odağında.
CERS	Cerus Corporation hisseleri yükseldi.
STSS	Sharps Technology Inc. bugün yatırımcıların odağında.
AMWD	AMWD yeni yatırım planını duyurdu.
AKAN	Akanda Corp. yeni yatırım planını duyurdu.
SVCO	SVCO hisseleri yükseldi.
KHC	The Kraft Heinz Company bilançosunu açıkladı.
ONEW	ONEW hisseleri yükseldi.
BIVI	BIVI bugün yatırımcıların odağında.
DAX	DAX bugün yatırımcıların odağında.
